Var1,Var2,sub_trial_avg_1,sub_trial_avg_2,sub_trial_avg_3,sub_trial_avg_4,sub_trial_avg_5,sub_trial_avg_6,sub_trial_avg_7,sub_trial_avg_8,sub_trial_avg_9,sub_trial_avg_10,sub_trial_avg_11,sub_trial_avg_12,sub_trial_avg_13,sub_trial_avg_14,sub_trial_avg_15,sub_trial_avg_16,sub_trial_avg_17,sub_trial_avg_18,sub_trial_avg_19,sub_trial_avg_20,sub_trial_avg_21,sub_trial_avg_22,sub_trial_avg_23,sub_trial_avg_24,sub_trial_avg_25,sub_trial_avg_26,sub_trial_avg_27,sub_trial_avg_28,sub_trial_avg_29,sub_trial_avg_30,sub_trial_avg_31,sub_trial_avg_32,sub_trial_avg_33,sub_trial_avg_34,sub_trial_avg_35,sub_trial_avg_36,sub_trial_avg_37,sub_trial_avg_38,sub_trial_avg_39,sub_trial_avg_40,sub_trial_avg_41,sub_trial_avg_42,sub_trial_avg_43,sub_trial_avg_44,sub_trial_avg_45,sub_trial_avg_46,sub_trial_avg_47,sub_trial_avg_48,sub_trial_avg_49,sub_trial_avg_50,sub_trial_avg_51,sub_trial_avg_52,sub_trial_avg_53,sub_trial_avg_54,sub_trial_avg_55,sub_trial_avg_56,sub_trial_avg_57,sub_trial_avg_58,sub_trial_avg_59,sub_trial_avg_60,sub_trial_avg_61,sub_trial_avg_62,sub_trial_avg_63,sub_trial_avg_64,sub_trial_avg_65,sub_trial_avg_66,sub_trial_avg_67,sub_trial_avg_68,sub_trial_avg_69,sub_trial_avg_70,sub_trial_avg_71,sub_trial_avg_72,sub_trial_avg_73,sub_trial_avg_74,sub_trial_avg_75,sub_trial_avg_76,sub_trial_avg_77,sub_trial_avg_78,sub_trial_avg_79,sub_trial_avg_80,sub_trial_avg_81,sub_trial_avg_82,sub_trial_avg_83,sub_trial_avg_84,sub_trial_avg_85,sub_trial_avg_86,sub_trial_avg_87,sub_trial_avg_88,sub_trial_avg_89,sub_trial_avg_90,sub_trial_avg_91,sub_trial_avg_92,sub_trial_avg_93,sub_trial_avg_94,sub_trial_avg_95,sub_trial_avg_96,sub_trial_avg_97,sub_trial_avg_98,sub_trial_avg_99,sub_trial_avg_100,sub_trial_avg_101
GR0326,AcceleratingHS,1.174921992,1.192839175,1.210826,1.228822171,1.246820057,1.264817943,1.282815829,1.300813715,1.318811601,1.336809487,1.354807283,1.37277315,1.390384433,1.408243186,1.426561612,1.444725041,1.462105093,1.477301729,1.488996574,1.496992427,1.501607609,1.5035693,1.503741845,1.502903484,1.501627198,1.500220842,1.498699777,1.496835766,1.494252146,1.490506366,1.485165014,1.477794288,1.468124655,1.455960901,1.441215957,1.423890606,1.403943348,1.38151183,1.356641581,1.329378675,1.299746335,1.267670494,1.232905448,1.195138141,1.155183769,1.115605863,1.078710664,1.046230334,1.0186468,0.994099556,0.970947655,0.948215474,0.925523151,0.902831491,0.88013983,0.85744817,0.834778424,0.812466699,0.791592755,0.774006712,0.760875829,0.752720758,0.749103633,0.748258286,0.748815612,0.750009015,0.75141769,0.752981464,0.754781482,0.756744488,0.758660037,0.760204225,0.761068232,0.76102302,0.7600192,0.758248391,0.756123004,0.754238178,0.753290531,0.753972348,0.756870968,0.762397499,0.770757447,0.781967898,0.795911226,0.812417583,0.831271243,0.852173769,0.87486941,0.899153663,0.924855261,0.951780756,0.979715705,1.008166745,1.036081928,1.062218959,1.085463433,1.105950883,1.124588601,1.142398944,1.160141829
GR0326,DeceleratingHS,1.027840235,0.998744251,0.974103628,0.951562954,0.929801096,0.908333589,0.886958134,0.865615451,0.844272768,0.822930085,0.801587402,0.780244719,0.758932175,0.740315876,0.728955217,0.725231999,0.728606188,0.736654109,0.743526853,0.748084695,0.750570006,0.7515093,0.751497519,0.751077168,0.750659031,0.75050094,0.750706983,0.751262688,0.752076698,0.753014467,0.75394573,0.754792546,0.755570553,0.756427698,0.757686027,0.759821965,0.763512464,0.769469616,0.778489015,0.791355183,0.808618351,0.830645519,0.857486747,0.88893819,0.924520223,0.963475142,1.005065898,1.047632139,1.08788308,1.12278949,1.15148359,1.17384426,1.192534634,1.210130341,1.227629575,1.245141706,1.262653836,1.280165967,1.297678098,1.315190229,1.33270236,1.35021449,1.367773884,1.385416294,1.403111079,1.420283493,1.435668426,1.448559617,1.458920298,1.467255678,1.474680011,1.48184265,1.488478025,1.49405205,1.498169087,1.500674265,1.501629561,1.501303347,1.500094434,1.498429024,1.496672935,1.49506169,1.493672125,1.492386234,1.490889633,1.488694044,1.485144414,1.479529774,1.471166334,1.45938087,1.443498982,1.42291471,1.397386335,1.366982213,1.331824217,1.292094524,1.248110174,1.200858357,1.152315538,1.1057236,1.063951523
GR0326,FastHS,1.453344838,1.452312993,1.451285959,1.450258925,1.449231891,1.448204857,1.447177823,1.446150788,1.445123754,1.44409672,1.443069686,1.442035622,1.440930548,1.440267784,1.440251582,1.439883318,1.437577914,1.431051063,1.417939543,1.397248348,1.368871946,1.33337458,1.291888129,1.245815571,1.196740112,1.146252805,1.095844872,1.046785106,1.000198643,0.956968115,0.91774772,0.883033439,0.853048718,0.827855805,0.807293167,0.790999621,0.778600454,0.769453586,0.762946847,0.758452806,0.755381165,0.753177307,0.751380153,0.749623922,0.747654726,0.745341322,0.742627674,0.739539875,0.736111154,0.732324479,0.728256237,0.723967703,0.719562781,0.7151571,0.710788231,0.706444144,0.702101407,0.69775867,0.693415932,0.689073195,0.684840348,0.681848061,0.68254624,0.689499459,0.703890995,0.725330493,0.751921939,0.781105466,0.811908253,0.844290923,0.878642664,0.915486757,0.955196001,0.997915967,1.043375041,1.090935453,1.139630994,1.188315237,1.235767364,1.280863647,1.322539584,1.360010778,1.392740951,1.420454648,1.443131517,1.460930615,1.474142813,1.483210929,1.488603196,1.490810676,1.490297017,1.487564998,1.483172985,1.477733136,1.471918913,1.466492763,1.462142417,1.459015348,1.456913215,1.45547109,1.454307031
GR0326,SlowHS,0.738409013,0.734722956,0.730135659,0.724780594,0.718925271,0.712820859,0.706642671,0.700454469,0.694264512,0.688074556,0.681884599,0.67570773,0.672404434,0.678786587,0.695222154,0.72102434,0.754030235,0.786957111,0.820258202,0.856281651,0.896990821,0.943342932,0.995197107,1.051405438,1.110191456,1.169454398,1.227108382,1.28125136,1.330260563,1.372725237,1.407606763,1.43439456,1.453423742,1.465520526,1.472162899,1.475027156,1.475551275,1.474868096,1.473650721,1.472211995,1.470583818,1.468617369,1.466084307,1.462697203,1.458228548,1.453171019,1.448840883,1.445989984,1.445027787,1.445772138,1.447111454,1.448513391,1.449919271,1.451333711,1.452748152,1.454162592,1.455577032,1.456991473,1.458405913,1.459820354,1.461234794,1.462649235,1.464067922,1.465460656,1.466302416,1.465000161,1.459108848,1.446424744,1.425503572,1.396182726,1.359422568,1.316207969,1.267419809,1.214022952,1.157266298,1.098795047,1.040623983,0.985100824,0.934490996,0.890635103,0.854619154,0.826575331,0.80585744,0.791226033,0.781286517,0.774723747,0.770434524,0.767534622,0.765382542,0.763583088,0.761906954,0.760200731,0.75837477,0.756412622,0.754321207,0.752125569,0.7498794,0.747638574,0.745447126,0.743261419,0.740882604
GR0327,AcceleratingHS,1.408916376,1.415984968,1.423040752,1.430090117,1.437135671,1.444181109,1.451226548,1.458271986,1.465317425,1.472362863,1.47918971,1.484506968,1.48827014,1.49093437,1.492858295,1.494347175,1.496571558,1.499540234,1.502376869,1.50413684,1.503956945,1.501117366,1.495108436,1.485604204,1.472432915,1.455546122,1.434939783,1.410778355,1.383202547,1.352286313,1.318186252,1.281059039,1.241288405,1.199476142,1.156368387,1.112802897,1.069558716,1.027500316,0.987559123,0.95033146,0.91610596,0.885000799,0.857713283,0.835509944,0.818789206,0.807108805,0.799880606,0.795779249,0.792900869,0.790192235,0.787512172,0.784842012,0.782166664,0.779475024,0.776758412,0.77402422,0.771278477,0.768528965,0.765779453,0.763016313,0.760223553,0.757548309,0.75562525,0.754959779,0.755609777,0.757399162,0.759941768,0.762438305,0.764270056,0.765491104,0.766629367,0.768476655,0.771900438,0.777662295,0.786303318,0.798099184,0.813114561,0.8312227,0.852246858,0.876020877,0.902399535,0.931266526,0.962447041,0.995680368,1.030574177,1.066596748,1.103105804,1.139394478,1.174741346,1.208469839,1.240000576,1.268890966,1.29486424,1.317792033,1.337517402,1.354017184,1.367570146,1.378655958,1.387805944,1.395715941,1.403037196
GR0327,DeceleratingHS,0.817175469,0.81077918,0.804435927,0.79810173,0.791778365,0.785458762,0.779143542,0.772828547,0.766510481,0.760185354,0.753838338,0.747923695,0.743997969,0.742502432,0.743455041,0.746706937,0.751693339,0.756650397,0.760849168,0.764202008,0.766903921,0.769355649,0.772066096,0.775588112,0.780463272,0.787197745,0.796253134,0.807943228,0.822431888,0.839688977,0.859511387,0.881599097,0.905678794,0.931597788,0.95938235,0.989155122,1.021022287,1.054914963,1.090462001,1.126977275,1.163504955,1.198965702,1.232344403,1.26281503,1.289683316,1.312085056,1.330101419,1.344399224,1.355719327,1.364906326,1.373304672,1.38154872,1.389743131,1.397915327,1.406070026,1.414219642,1.422369258,1.430518874,1.438668491,1.446818107,1.454963731,1.463070226,1.470971265,1.47835521,1.485070576,1.491086968,1.496273921,1.500464467,1.503667674,1.505794166,1.506680443,1.506380174,1.505129925,1.503160766,1.500494348,1.496812498,1.491421824,1.4834316,1.471936954,1.45625014,1.436041212,1.411334636,1.382478855,1.349981158,1.314432053,1.276444196,1.236618628,1.19553158,1.153753186,1.111848697,1.070381535,1.029915626,0.991010847,0.954329261,0.921026315,0.89262083,0.869866712,0.852594647,0.840202588,0.831466,0.824491433
GR0327,FastHS,NaN,NaN,NaN,NaN,NaN,NaN,NaN,NaN,NaN,NaN,NaN,NaN,NaN,NaN,NaN,NaN,NaN,NaN,NaN,NaN,NaN,NaN,NaN,NaN,NaN,NaN,NaN,NaN,NaN,NaN,NaN,NaN,NaN,NaN,NaN,NaN,NaN,NaN,NaN,NaN,NaN,NaN,NaN,NaN,NaN,NaN,NaN,NaN,NaN,NaN,NaN,NaN,NaN,NaN,NaN,NaN,NaN,NaN,NaN,NaN,NaN,NaN,NaN,NaN,NaN,NaN,NaN,NaN,NaN,NaN,NaN,NaN,NaN,NaN,NaN,NaN,NaN,NaN,NaN,NaN,NaN,NaN,NaN,NaN,NaN,NaN,NaN,NaN,NaN,NaN,NaN,NaN,NaN,NaN,NaN,NaN,NaN,NaN,NaN,NaN,NaN
GR0327,SlowHS,0.781050314,0.79329246,0.805744009,0.818259236,0.830784818,0.843296657,0.855811072,0.868362111,0.880979072,0.89368587,0.907421334,0.927501822,0.956084528,0.993774023,1.040747043,1.096054745,1.154304064,1.21216142,1.267775817,1.319765316,1.366691353,1.407461616,1.441496617,1.468517471,1.488468081,1.50154887,1.508333369,1.509739049,1.506673538,1.500254049,1.491631573,1.4817276,1.471615106,1.462111219,1.453708599,1.446555483,1.44052269,1.435295738,1.430478198,1.425624843,1.420330003,1.414319978,1.407796231,1.401008674,1.39402079,1.387028151,1.380246927,1.37354936,1.366744148,1.359909835,1.353070469,1.346231233,1.339391282,1.332552278,1.325716015,1.318879751,1.312043488,1.305203796,1.298343469,1.291313272,1.283126698,1.27145157,1.25398497,1.229317959,1.196836437,1.156961916,1.111741472,1.063749926,1.015024902,0.967199978,0.921976999,0.881052631,0.845960459,0.817767057,0.796828947,0.782718157,0.774358724,0.770168296,0.768502854,0.76793457,0.767395115,0.766281393,0.764413561,0.761917108,0.759075775,0.756210477,0.753584943,0.751349565,0.749523632,0.748010926,0.746633973,0.745174665,0.743420145,0.741302717,0.739213297,0.737988827,0.738580955,0.741756838,0.747812226,0.756550254,0.767265286
GR0328,AcceleratingHS,0.871845205,0.855349576,0.840603526,0.828324979,0.818752704,0.812695082,0.807382251,0.804489962,0.804008425,0.805756527,0.807861637,0.809228105,0.80998763,0.809607121,0.807681658,0.806135168,0.802815271,0.798624808,0.793581505,0.787245562,0.780058822,0.771116334,0.761268537,0.749843767,0.73732263,0.723877705,0.709375796,0.695653372,0.681469688,0.66750149,0.654678356,0.642883231,0.632296332,0.623520908,0.617427486,0.613318055,0.613302532,0.615650632,0.620382536,0.632057721,0.645523863,0.662841574,0.681877599,0.706037903,0.730253814,0.756987829,0.78372871,0.810342777,0.83901117,0.861548921,0.887423904,0.904747799,0.923175107,0.93597561,0.948136493,0.956997051,0.963467014,0.969505038,0.972548666,0.97514673,0.975447836,0.973521021,0.974262218,0.974208903,0.975058268,0.977243743,0.980955849,0.985107268,0.991024677,0.998425543,1.006058849,1.01493346,1.025850603,1.03683789,1.048482699,1.061091952,1.073977345,1.088807536,1.10167179,1.115964324,1.128535575,1.14092332,1.151216653,1.159731993,1.16815411,1.17373411,1.176547041,1.175087774,1.170172658,1.160179445,1.146253562,1.129816384,1.111786904,1.090513827,1.067704659,1.040187337,1.011331433,0.982011588,0.958032432,0.933615147,0.908867397
GR0328,DeceleratingHS,1.190676878,1.155780669,1.116180939,1.079203082,1.037658828,0.999680965,0.960875432,0.925202326,0.89024759,0.859741841,0.832581501,0.808572803,0.788448963,0.771768902,0.758430578,0.74817799,0.74063169,0.735320015,0.732056915,0.730227999,0.72874905,0.728169338,0.727446694,0.727477165,0.727329942,0.727352153,0.72723703,0.727050173,0.727848279,0.728117262,0.729531901,0.731765712,0.734874598,0.737656673,0.741009878,0.745358061,0.750097311,0.755779628,0.761984624,0.769136039,0.778340987,0.788457282,0.800012501,0.813359161,0.830305414,0.848891897,0.870277785,0.89363372,0.921918459,0.952497973,0.986208274,1.021729205,1.059517844,1.099471261,1.138921594,1.17958543,1.217923696,1.256543707,1.291297202,1.324593987,1.353840931,1.379148737,1.401208093,1.419105091,1.433851624,1.444817976,1.452563058,1.457885832,1.461112328,1.462222403,1.462369815,1.462208976,1.461228905,1.46063503,1.460025346,1.460031552,1.460223822,1.461175722,1.461530507,1.461932582,1.461440742,1.460822461,1.460192063,1.459076214,1.457244898,1.455211518,1.451813849,1.446963176,1.4416231,1.435027635,1.427450896,1.418271813,1.407287403,1.393809004,1.378699713,1.361944507,1.34198729,1.318606526,1.292159641,1.262972149,1.231713598
GR0328,FastHS,1.414206159,1.412832188,1.410015726,1.406573483,1.403406141,1.398970421,1.393706448,1.387608819,1.381119205,1.372384767,1.362698725,1.350586313,1.336277591,1.319330948,1.300090584,1.278525563,1.25624503,1.230071655,1.20100543,1.170993597,1.138224898,1.104668564,1.070504046,1.035721377,1.001731814,0.969199529,0.93696573,0.905459776,0.87727444,0.851013535,0.827580521,0.805968518,0.786605403,0.770719292,0.757826524,0.747539572,0.739848155,0.733734633,0.7295908,0.727016524,0.725457013,0.724429891,0.724268867,0.724910777,0.726088252,0.726983487,0.728225542,0.729538838,0.731020194,0.732343664,0.733564566,0.735134286,0.737269605,0.739757377,0.743188209,0.746618664,0.751968019,0.756751426,0.76304501,0.770434732,0.780051083,0.791016871,0.8030606,0.818693651,0.836288101,0.856849037,0.879000255,0.903826198,0.930464903,0.960721317,0.992929706,1.025235961,1.060785177,1.095475689,1.131870087,1.16588126,1.202231884,1.234052177,1.264716384,1.292113902,1.318178594,1.340142879,1.360136089,1.376188905,1.391160604,1.40291542,1.412033078,1.418819354,1.423274059,1.42643109,1.427989735,1.429373179,1.429868511,1.429092603,1.428026775,1.426255414,1.424514318,1.42374864,1.422401932,1.421239125,1.419776721
GR0328,SlowHS,1.445893867,1.45629704,1.462330323,1.466631091,1.468893301,1.469782767,1.469928341,1.469987681,1.469927542,1.469773691,1.469431771,1.469145447,1.469082167,1.469233823,1.469064582,1.468923277,1.46927147,1.469592611,1.469829832,1.469576927,1.46953564,1.468843493,1.467837133,1.466410438,1.463926925,1.460400207,1.456074367,1.450014184,1.439860627,1.428321753,1.413658365,1.396606248,1.374190176,1.346870954,1.318066562,1.285203737,1.247720812,1.205993803,1.165455666,1.12338615,1.079169968,1.035008848,0.990894304,0.952390581,0.915045876,0.880286303,0.847975719,0.821562757,0.799467675,0.781269764,0.766294053,0.755400495,0.747549937,0.742369184,0.739283831,0.736845455,0.736249422,0.73567564,0.735933682,0.735502103,0.735415208,0.735775235,0.735765853,0.735692043,0.735881733,0.736087312,0.736272543,0.7364156,0.736652708,0.737072225,0.737474408,0.738241088,0.73922157,0.740697545,0.742656656,0.744946627,0.748334017,0.753748379,0.759757579,0.770064849,0.781266885,0.796777802,0.814354055,0.838519828,0.864363457,0.896394885,0.928841094,0.968363751,1.009915667,1.053834226,1.097616468,1.142398564,1.186555343,1.229682408,1.271279506,1.308723127,1.34261861,1.371998139,1.398155384,1.419108001,1.4366516
GR0329,AcceleratingHS,NaN,NaN,NaN,NaN,NaN,NaN,NaN,NaN,NaN,NaN,NaN,NaN,NaN,NaN,NaN,NaN,NaN,NaN,NaN,NaN,NaN,NaN,NaN,NaN,NaN,NaN,NaN,NaN,NaN,NaN,NaN,NaN,NaN,NaN,NaN,NaN,NaN,NaN,NaN,NaN,NaN,NaN,NaN,NaN,NaN,NaN,NaN,NaN,NaN,NaN,NaN,NaN,NaN,NaN,NaN,NaN,NaN,NaN,NaN,NaN,NaN,NaN,NaN,NaN,NaN,NaN,NaN,NaN,NaN,NaN,NaN,NaN,NaN,NaN,NaN,NaN,NaN,NaN,NaN,NaN,NaN,NaN,NaN,NaN,NaN,NaN,NaN,NaN,NaN,NaN,NaN,NaN,NaN,NaN,NaN,NaN,NaN,NaN,NaN,NaN,NaN
GR0329,DeceleratingHS,1.157267393,1.186858001,1.216192678,1.242926392,1.267601363,1.289014408,1.307802707,1.324413623,1.338702565,1.352654759,1.364458123,1.37539455,1.38542555,1.393674201,1.402128717,1.409206713,1.416088589,1.421905687,1.427685423,1.432909105,1.437277063,1.440887226,1.443671983,1.446101661,1.448480047,1.450842672,1.45321314,1.455429994,1.456921602,1.458751222,1.459024269,1.459959639,1.459796367,1.458211436,1.456380893,1.451892809,1.446180189,1.438206593,1.426621162,1.412249838,1.392645745,1.367458444,1.339795383,1.306591482,1.272740211,1.235931128,1.197965018,1.158301904,1.117648877,1.079040605,1.043088367,1.010221854,0.979378373,0.952361455,0.9266597,0.904301921,0.885944886,0.868382251,0.854225749,0.840995398,0.829084957,0.81854961,0.809598316,0.801512499,0.793961919,0.788095251,0.782307632,0.776722163,0.771477873,0.767225282,0.762669499,0.758940317,0.756314979,0.753695401,0.751307778,0.748924986,0.747097177,0.745035633,0.743687952,0.742211823,0.741498264,0.740600649,0.740804245,0.741183448,0.742995461,0.74659934,0.75129461,0.759867007,0.770803316,0.783900132,0.802829848,0.826202238,0.851167972,0.880953205,0.914787143,0.948763882,0.985617842,1.02459489,1.061983061,1.098982371,1.134470903
GR0329,FastHS,0.834272572,0.869225702,0.909654135,0.956335794,1.009695466,1.064111361,1.123344546,1.180895184,1.237505461,1.290117611,1.335609845,1.376876392,1.410327764,1.435646236,1.456843894,1.471054655,1.480820624,1.487841853,1.492384727,1.496231641,1.49905069,1.500273774,1.500665678,1.500686553,1.500999678,1.500974892,1.501448279,1.501887119,1.50203146,1.50192194,1.501513549,1.50104645,1.500790103,1.500182621,1.498723365,1.496242011,1.493193822,1.490754803,1.489550339,1.48888751,1.489483736,1.491369931,1.492316523,1.494009126,1.494812155,1.494061343,1.491205187,1.486177083,1.476161953,1.459388967,1.436710991,1.405724423,1.36724917,1.322803033,1.271169872,1.21443194,1.154233762,1.092912837,1.034290082,0.97906072,0.929837523,0.887871281,0.851060574,0.822338469,0.800166724,0.783330943,0.772826905,0.765195207,0.759769286,0.756371972,0.753926323,0.752139974,0.751109379,0.750718958,0.750598136,0.750764375,0.750816939,0.750701343,0.750519584,0.750624953,0.75070033,0.750525675,0.750477859,0.750207743,0.749953779,0.749731677,0.749029691,0.747892254,0.747435597,0.747175329,0.746630776,0.746362198,0.746697144,0.747495275,0.749073733,0.751880063,0.756516279,0.764264908,0.775426929,0.790971419,0.813722011
GR0329,SlowHS,0.792966676,0.794657795,0.797171014,0.800171694,0.805168397,0.810524168,0.817934719,0.827076981,0.838155862,0.851947293,0.868668254,0.887566021,0.908618089,0.931433822,0.956135477,0.981090577,1.007371357,1.032988159,1.058552639,1.083223042,1.104841991,1.125609917,1.144334458,1.16039209,1.175840527,1.189195719,1.201026553,1.212279837,1.22349614,1.234465714,1.245243124,1.257937185,1.270669432,1.284635649,1.298277712,1.313980349,1.328890832,1.345667066,1.360737257,1.37645639,1.390880192,1.404755506,1.41713615,1.426570117,1.436353873,1.44251509,1.447359887,1.450206333,1.451685877,1.451594646,1.450862605,1.448277535,1.445656235,1.441457923,1.437151227,1.430852512,1.424433629,1.416025257,1.406014441,1.393529725,1.380031413,1.363783604,1.344259155,1.323627774,1.299850273,1.275208439,1.249701472,1.225838807,1.199887727,1.175878637,1.152480335,1.131696203,1.111728906,1.094551254,1.079247289,1.06535453,1.052995569,1.041368277,1.029983339,1.01869888,1.007364289,0.995492339,0.982270094,0.96843792,0.954214171,0.938324832,0.923645595,0.908924446,0.892510276,0.87788409,0.864329105,0.850529278,0.838823019,0.828414854,0.819888305,0.811632744,0.805774617,0.800549609,0.796976649,0.7955194,0.794672529
GR0330,AcceleratingHS,1.01106669,1.038941406,1.066781173,1.094604271,1.122427745,1.150251219,1.178074694,1.205898168,1.233721642,1.261545116,1.289390824,1.317481523,1.346346401,1.3759672,1.405294081,1.432849376,1.456722449,1.475354736,1.488467945,1.496483913,1.500196797,1.500629623,1.498862641,1.495864767,1.492435638,1.489136856,1.486308456,1.484082599,1.482458706,1.481330753,1.480532659,1.479860091,1.479073949,1.477883274,1.475904487,1.472702415,1.467730799,1.460406127,1.45005978,1.436046175,1.41776438,1.394654305,1.366346436,1.332741154,1.29475521,1.254847403,1.215742991,1.179477013,1.147072039,1.117633263,1.089535332,1.061866605,1.034201656,1.006536707,0.978871758,0.951205601,0.923531492,0.895853868,0.868173113,0.840665275,0.814224939,0.790698452,0.772213787,0.760361935,0.754940722,0.754244032,0.756053115,0.758225424,0.759759826,0.760370462,0.759985015,0.758704177,0.756753996,0.754433085,0.752110338,0.750172966,0.748978105,0.748762489,0.74961759,0.751441857,0.753951638,0.756745879,0.759396647,0.761554292,0.763045739,0.763949475,0.764601962,0.765486298,0.767199916,0.770386733,0.775685396,0.783675763,0.794842913,0.809597801,0.828093059,0.85045655,0.875880011,0.903084817,0.93126798,0.95965133,0.987741899
GR0330,DeceleratingHS,0.863007257,0.852594081,0.842263118,0.831935934,0.821607322,0.81127871,0.800950098,0.790621486,0.780292874,0.769964262,0.75963565,0.749307038,0.739208529,0.731758696,0.729079059,0.731153745,0.737537963,0.745833474,0.752866619,0.75809412,0.761531314,0.763412651,0.764052441,0.76378009,0.762894691,0.761686742,0.76043441,0.759446936,0.759109324,0.759926301,0.762485757,0.767440977,0.775496295,0.78736411,0.803710433,0.824936923,0.851365402,0.882988208,0.919597327,0.960675425,1.005430564,1.052795138,1.101558228,1.150366032,1.197794263,1.242353086,1.282209654,1.315172213,1.339700603,1.355888221,1.365372207,1.37052192,1.374070893,1.377288457,1.380455906,1.383602352,1.386736203,1.389870054,1.393003905,1.396157136,1.399375556,1.402894054,1.407792966,1.415563912,1.427199956,1.442196023,1.458576456,1.473644656,1.485006974,1.491937249,1.494878645,1.494711278,1.492436254,1.489125874,1.485766207,1.483095404,1.481567342,1.481222678,1.481693964,1.482190057,1.48160826,1.478682963,1.472141134,1.460841324,1.443903646,1.42086482,1.391640086,1.356477083,1.315925729,1.270801777,1.222048416,1.170769329,1.118195892,1.06576046,1.015868848,0.972134574,0.937502554,0.912147334,0.894433632,0.881424399,0.87027234
GR0330,FastHS,1.345427979,1.345828773,1.346179831,1.346540028,1.346900057,1.347261688,1.347623427,1.347986988,1.348350549,1.348714109,1.349083517,1.349514692,1.350095761,1.351112531,1.352090341,1.352086986,1.349962823,1.344172473,1.333706454,1.318309336,1.297979934,1.273025107,1.244140138,1.212267985,1.178473659,1.14387962,1.109535941,1.076405996,1.045228402,1.016552674,0.990724363,0.967900235,0.948042367,0.930954211,0.916383187,0.903934704,0.893228825,0.883841533,0.875392557,0.86753178,0.859961908,0.852457091,0.844925378,0.837396771,0.830118418,0.823506203,0.817941404,0.813609145,0.810331057,0.807689764,0.805276725,0.802819613,0.800347209,0.797911963,0.795531943,0.793177658,0.790828185,0.78846764,0.786104837,0.783740767,0.781382814,0.779324935,0.778598837,0.781165951,0.788821571,0.802430798,0.822194113,0.846790944,0.874744338,0.905035157,0.936890018,0.969668857,1.002921285,1.036272058,1.069432371,1.102174763,1.134286993,1.165449246,1.195299366,1.223405548,1.249322903,1.272671207,1.293137818,1.31050682,1.324681606,1.335727672,1.343823224,1.349300368,1.352530605,1.353936768,1.353955207,1.352973138,1.35136023,1.349436233,1.347571927,1.346219469,1.345625505,1.345692847,1.346235659,1.346887023,1.347392836
GR0330,SlowHS,0.727272876,0.725308138,0.723345619,0.721428456,0.719554541,0.717712871,0.715888826,0.714067912,0.712246999,0.710426085,0.708605171,0.706770919,0.705359993,0.705978407,0.710058557,0.718887889,0.733531192,0.753734656,0.779131097,0.809434884,0.844374115,0.883699709,0.927000407,0.97378635,1.023346355,1.074754359,1.126942941,1.178668315,1.228707891,1.27586567,1.319120793,1.357675823,1.39098342,1.418819153,1.441083096,1.458043956,1.470014666,1.477516348,1.481059749,1.481218304,1.478574377,1.473703774,1.467188501,1.459527163,1.451276291,1.443546936,1.437447342,1.433385451,1.431496523,1.431187579,1.43145762,1.431861867,1.432282125,1.432703886,1.433125646,1.433547407,1.433969167,1.434390928,1.434812688,1.435234449,1.435660492,1.436281604,1.437775097,1.441245183,1.44680828,1.453204313,1.458231749,1.459015883,1.453024197,1.439211362,1.417161391,1.386940338,1.349103379,1.304665384,1.255078762,1.202035731,1.147291476,1.092664644,1.039802403,0.99012254,0.944685635,0.904270126,0.869253525,0.839718434,0.815446908,0.795972317,0.780713344,0.769002454,0.760161458,0.753517424,0.748476393,0.744558259,0.741434824,0.738927251,0.736979132,0.735550829,0.73449312,0.733553007,0.732499897,0.731163215,0.729480947
GR0331,AcceleratingHS,1.119052508,1.141307813,1.163497791,1.185668748,1.20784822,1.230035765,1.252223311,1.274410856,1.296598402,1.318785947,1.340973492,1.363187175,1.38600582,1.409436278,1.431956268,1.452026312,1.468202653,1.478949458,1.484485513,1.486130302,1.485306908,1.483219966,1.480834774,1.478800812,1.477429754,1.476691572,1.476254138,1.475541311,1.473921133,1.470885394,1.466213201,1.459996027,1.452607391,1.444475861,1.435902191,1.426907474,1.417150327,1.405959514,1.392454714,1.37571314,1.354922454,1.329355367,1.298661152,1.262684016,1.221534169,1.176273804,1.13075545,1.089107472,1.053319972,1.024251821,1.001212085,0.980795097,0.960691086,0.940598857,0.920495502,0.900383455,0.880272926,0.860162397,0.840060558,0.819969163,0.800001656,0.781182399,0.765838799,0.755392299,0.749898021,0.748765663,0.750126445,0.751768449,0.753049284,0.754301175,0.755878088,0.757965822,0.760500214,0.763218318,0.765727246,0.76761643,0.768522559,0.768261671,0.766827937,0.764431079,0.761474206,0.75846027,0.755934715,0.754443327,0.754490292,0.75652818,0.760968864,0.768195641,0.778543151,0.792310883,0.809745418,0.831003732,0.856060782,0.884685763,0.916422446,0.950327668,0.984558806,1.017111682,1.046922726,1.073604099,1.097507855
GR0331,DeceleratingHS,0.788753245,0.782382094,0.778277409,0.774758768,0.771436661,0.768203721,0.765012173,0.761826933,0.758641692,0.755456452,0.752271211,0.749080689,0.746111267,0.745416006,0.746466228,0.748245776,0.750257153,0.75146997,0.750692665,0.749308459,0.748367486,0.748293564,0.748961103,0.749979552,0.750933644,0.751634507,0.75222841,0.753194068,0.755222474,0.759039857,0.765231832,0.77419888,0.786033827,0.800765167,0.818507448,0.839424467,0.863818887,0.892118688,0.924682358,0.961595646,1.002524594,1.046726486,1.092932552,1.13962671,1.185156691,1.227906307,1.266388778,1.299063741,1.324516122,1.342937255,1.355469966,1.363543046,1.369516512,1.375120451,1.380670724,1.386205779,1.391740833,1.397275888,1.402810942,1.408345997,1.413881051,1.419418737,1.424967944,1.430606771,1.436762745,1.444557044,1.454490019,1.466068418,1.478242481,1.48944473,1.49798211,1.503337508,1.505950329,1.506430681,1.505288861,1.502822312,1.499082385,1.494032841,1.487547275,1.479490826,1.469757817,1.458144911,1.444435243,1.428242651,1.409097599,1.386483855,1.359937886,1.329158882,1.294086691,1.254939543,1.212176883,1.16656513,1.11898724,1.070370819,1.021650138,0.973767059,0.927881059,0.885852819,0.850235399,0.82291074,0.804056249
GR0331,FastHS,1.388821699,1.388947137,1.389127477,1.389329615,1.389535301,1.389740987,1.389946674,1.39015236,1.390358046,1.390563733,1.390769419,1.391003141,1.391526173,1.393287814,1.394489611,1.393358595,1.388554896,1.378433054,1.362520214,1.34249443,1.319706715,1.295094598,1.269285269,1.242602212,1.215197643,1.187109086,1.158292522,1.128661208,1.09814435,1.066779,1.034741936,1.002383355,0.970260486,0.939045029,0.90950124,0.882303848,0.857926,0.836617378,0.818315152,0.802707693,0.789359957,0.777865425,0.767787171,0.758802089,0.75066794,0.743167731,0.736338386,0.730424678,0.725689162,0.722431283,0.72090322,0.720888135,0.721999015,0.723826296,0.726019788,0.728302424,0.730605359,0.732910468,0.735215577,0.737533332,0.739929401,0.742882636,0.748307221,0.758373183,0.773617786,0.793491648,0.816537854,0.84022467,0.863107573,0.885450105,0.908207008,0.932305125,0.958326314,0.986435866,1.016394275,1.047640237,1.079463869,1.111148571,1.142088057,1.171834031,1.200129405,1.226818616,1.251841788,1.275136385,1.296668764,1.316374616,1.33417356,1.349970187,1.363650641,1.375106338,1.384234109,1.390975985,1.395338403,1.397367988,1.397213486,1.395438279,1.392962063,1.390568657,1.388778768,1.387877893,1.387673941
GR0331,SlowHS,0.801063997,0.79868868,0.798405299,0.79905192,0.800065343,0.80121139,0.80239128,0.803595356,0.804811919,0.806028482,0.807245045,0.808524477,0.813588768,0.827010192,0.848635391,0.877441563,0.911706482,0.945422007,0.975821718,1.003475816,1.02915307,1.053308802,1.076107896,1.097456485,1.117249231,1.135463525,1.15216894,1.167633572,1.182092584,1.19567743,1.208339685,1.219860256,1.229988835,1.238542851,1.245511014,1.251150221,1.25591357,1.260321837,1.264832516,1.269691785,1.274887454,1.280200152,1.285269131,1.289728716,1.293249966,1.295579982,1.29668795,1.296927043,1.296518815,1.295851649,1.295318835,1.294914541,1.294557081,1.294333755,1.294130138,1.293926521,1.293722904,1.293519288,1.293315671,1.293112054,1.292908437,1.29270482,1.292534553,1.29215447,1.290608977,1.286846865,1.279886264,1.268745886,1.25330148,1.234484373,1.213257757,1.190925897,1.16867938,1.147335662,1.12729404,1.108570768,1.090977082,1.074167606,1.057874539,1.041952669,1.026399241,1.011329262,0.99690792,0.98327111,0.97049031,0.958551983,0.947379825,0.936872569,0.926906597,0.917355675,0.908095734,0.898971284,0.8898044,0.880389305,0.870521758,0.859963968,0.848577528,0.836541828,0.824581796,0.814018943,0.805953383
GR0332,AcceleratingHS,1.339703017,1.340044137,1.340379661,1.340717274,1.341054887,1.341392501,1.341730114,1.342067727,1.342405341,1.342742954,1.343075139,1.344660408,1.352042997,1.366145145,1.38576625,1.409441985,1.433557862,1.452350137,1.465282734,1.473258955,1.477608531,1.479794288,1.481193011,1.482803937,1.485108919,1.487976573,1.490677171,1.492059192,1.49087026,1.486058687,1.476991405,1.463477733,1.445553569,1.423261007,1.39641934,1.36475212,1.327965622,1.285915555,1.23879177,1.187239258,1.132322393,1.075406071,1.018092892,0.962325431,0.912152905,0.871570754,0.841555784,0.821515698,0.809805124,0.802263202,0.795566618,0.788909129,0.78224885,0.775586797,0.768924743,0.762262689,0.755600636,0.748942316,0.742419408,0.737131038,0.734939994,0.736016081,0.739646309,0.74508621,0.750584999,0.754664285,0.757744499,0.760674766,0.763950565,0.7675672,0.771012686,0.773405866,0.773740089,0.771285585,0.76613078,0.759444432,0.753541908,0.751291916,0.755230151,0.766544142,0.784356213,0.805993356,0.82784629,0.847061387,0.862833609,0.876996677,0.89335741,0.916307728,0.949103234,0.992771788,1.045862193,1.104969909,1.165572975,1.22214782,1.268986056,1.303161905,1.324816488,1.335745366,1.33958673,1.340699005,1.341213411
GR0332,DeceleratingHS,0.944841191,0.930010858,0.915304003,0.900618761,0.885936883,0.871255004,0.856573126,0.841891248,0.82720937,0.812527491,0.797845613,0.783207878,0.770029353,0.760396512,0.754144159,0.750997035,0.750726161,0.751090203,0.750815754,0.750423258,0.750306994,0.750744719,0.751858376,0.753584268,0.755813258,0.757873276,0.758708951,0.75815906,0.755292441,0.750662402,0.746970748,0.747269865,0.753648825,0.7702216,0.797334192,0.827796271,0.856596021,0.881293809,0.8999201,0.914993076,0.933598849,0.95933164,0.992849031,1.032489495,1.075130476,1.117294044,1.155519932,1.18693995,1.210768486,1.227521364,1.238500736,1.245957782,1.252437389,1.258664048,1.264867499,1.27107095,1.277292827,1.283540878,1.289817626,1.296122974,1.302493738,1.309153272,1.317144178,1.328608895,1.34576543,1.368945403,1.396863158,1.42669801,1.454628894,1.477376047,1.493765943,1.503771509,1.507732008,1.50632279,1.500767132,1.493018104,1.485704196,1.481538202,1.482284234,1.487917909,1.496206527,1.503293059,1.505094353,1.498697451,1.483187195,1.459814115,1.431030631,1.399418095,1.366874961,1.334143067,1.301005979,1.266691878,1.230375332,1.191513553,1.150181564,1.107911883,1.067606275,1.03181626,1.00211602,0.97885849,0.960627106
GR0332,FastHS,1.421582334,1.420179176,1.418776019,1.417372861,1.415969703,1.414566545,1.413163388,1.41176023,1.410357072,1.408953914,1.407550135,1.406199722,1.405657102,1.405139724,1.402306974,1.395293865,1.382463256,1.361552385,1.333075546,1.298305445,1.258970892,1.217803482,1.17710833,1.137066282,1.096578655,1.056802884,1.017501666,0.982826067,0.955303837,0.934703622,0.91989356,0.911877135,0.906535686,0.89646415,0.878081103,0.852661846,0.821763848,0.790203699,0.765295181,0.750140143,0.74293707,0.739978401,0.738197242,0.736085714,0.733364395,0.730331466,0.727301397,0.724331543,0.721277455,0.717948848,0.714183354,0.709931648,0.705325202,0.700552863,0.695747025,0.690958666,0.686199543,0.68147336,0.67681381,0.672697549,0.67119933,0.676153095,0.689738282,0.712180949,0.742590164,0.778330063,0.816023766,0.854676755,0.894912236,0.937415744,0.982411563,1.029410253,1.077210886,1.124070457,1.168270821,1.208740107,1.245468772,1.279722832,1.313219598,1.347169765,1.381232796,1.413145053,1.43954052,1.457303002,1.464967781,1.463654555,1.456601845,1.447903508,1.441044139,1.437776905,1.437924293,1.439882926,1.441580151,1.441802105,1.440486017,1.438118717,1.435464306,1.433301464,1.431623388,1.430155245,1.428708717
GR0332,SlowHS,0.739649365,0.742108653,0.744589876,0.747077675,0.749571782,0.752072042,0.754572993,0.757073945,0.759574896,0.762075847,0.764637663,0.771940249,0.792497687,0.827986249,0.878467239,0.943586795,1.015413894,1.086142092,1.154081142,1.217909925,1.276333759,1.32803238,1.372009441,1.407510983,1.434289207,1.452753936,1.464440159,1.471318172,1.475042043,1.476866814,1.47827777,1.47901118,1.478516938,1.476443603,1.472642934,1.467021171,1.460284714,1.45341698,1.44708771,1.441428667,1.436138167,1.430658271,1.424411274,1.417198501,1.409556899,1.40203866,1.395014161,1.388830063,1.383431649,1.378250258,1.373069487,1.367888716,1.362707946,1.357527175,1.352346404,1.347165633,1.341984862,1.336804092,1.331623321,1.326452404,1.321341112,1.315714212,1.30661928,1.290910513,1.266283885,1.231419591,1.187123903,1.136907182,1.084470643,1.032676434,0.983146543,0.936393533,0.892315068,0.850982944,0.813485999,0.782194632,0.760269635,0.750096811,0.75200725,0.763141328,0.778093264,0.790786685,0.796535854,0.793279294,0.782227025,0.767092445,0.751849795,0.739884979,0.732963918,0.731068512,0.732832972,0.736309751,0.73968016,0.741714219,0.741896067,0.740483951,0.738396498,0.736673494,0.735940368,0.736499469,0.738217395
GR0333,AcceleratingHS,1.479231466,1.479476106,1.479176974,1.47880854,1.478805769,1.478717341,1.479875965,1.481346715,1.482326797,1.483293279,1.484024636,1.484757902,1.485346705,1.485482709,1.486152226,1.486924272,1.487441031,1.487748803,1.487732646,1.487853924,1.487382126,1.48748234,1.486851631,1.485293884,1.482257425,1.476449115,1.46788477,1.45505488,1.436807578,1.41302982,1.383555441,1.348973959,1.307228968,1.262425322,1.212550775,1.16169892,1.106856085,1.052799892,1.001302731,0.953323232,0.910446031,0.871539214,0.839307926,0.812427352,0.792064759,0.776198442,0.765192204,0.75785426,0.752524593,0.74922206,0.747596087,0.746214003,0.744641985,0.744032222,0.743805962,0.743603119,0.743255945,0.742809014,0.742391969,0.742017629,0.741691741,0.741270849,0.741600125,0.742339835,0.742951005,0.743417395,0.743894536,0.744330568,0.744524101,0.744698613,0.744996103,0.745340216,0.745748092,0.746776968,0.748935593,0.752702562,0.758699563,0.768605515,0.783201828,0.803008559,0.828365259,0.858692866,0.896366804,0.938819053,0.985643563,1.035677034,1.089551172,1.142972704,1.194973357,1.24443013,1.292160078,1.332682508,1.369085126,1.39910512,1.424680857,1.443656643,1.458810957,1.469369404,1.475598864,1.479671382,1.481396427
GR0333,DeceleratingHS,1.38960121,1.375950112,1.361749986,1.34562129,1.329815793,1.313119341,1.297193321,1.280286955,1.265252239,1.250325178,1.236471839,1.223481352,1.211206167,1.200901259,1.19112022,1.182525749,1.173770822,1.165678944,1.15731193,1.149094765,1.139238369,1.128187814,1.115221428,1.099701205,1.082094582,1.062121009,1.040363885,1.01602563,0.992205713,0.9653879,0.940059694,0.914731846,0.890405906,0.867672702,0.847977557,0.830424708,0.815833053,0.802587039,0.793280322,0.78600941,0.781311708,0.778720861,0.778627521,0.779067111,0.782027289,0.785361556,0.791407102,0.799332428,0.809336373,0.821256005,0.833343571,0.847422277,0.86169988,0.878479355,0.894872416,0.91210426,0.92998531,0.947370206,0.964855655,0.980899726,0.996631089,1.009546553,1.022479553,1.033256966,1.043545194,1.052423508,1.060962894,1.069010258,1.077537707,1.085400335,1.094896378,1.106408547,1.118938371,1.13371647,1.151073235,1.171059779,1.19215274,1.215911448,1.2402348,1.265404348,1.290459137,1.315490973,1.339754336,1.362339335,1.383488281,1.401636643,1.416111968,1.429622696,1.439008547,1.446007385,1.450754644,1.453607527,1.454500442,1.453327944,1.449616513,1.445743441,1.440397025,1.433972295,1.425944063,1.41595864,1.404625208
GR0333,FastHS,1.415006238,1.420541721,1.426870888,1.431409299,1.435976001,1.438690998,1.440366059,1.440412327,1.437755309,1.433221237,1.426260129,1.417684226,1.405362269,1.392086321,1.373752744,1.35380886,1.329342155,1.305194908,1.277245929,1.249131809,1.219433857,1.189038815,1.159724992,1.130553119,1.101557046,1.075294937,1.049820986,1.028093393,1.006599786,0.987597022,0.969975167,0.955741105,0.940955215,0.92949405,0.917808748,0.908626619,0.899026335,0.890955846,0.882840989,0.876213069,0.869331685,0.863578653,0.856980032,0.851571582,0.845808856,0.840092138,0.834005883,0.827970637,0.821461791,0.81449417,0.807503667,0.801190417,0.795006008,0.789317216,0.784068291,0.78054112,0.778091172,0.776753301,0.776923218,0.778972955,0.784097089,0.791983848,0.802764284,0.816006082,0.831892401,0.851252403,0.872802162,0.89642053,0.922774738,0.951260069,0.980795783,1.011581215,1.0412506,1.071087245,1.100936269,1.129266831,1.156558516,1.180915996,1.203835233,1.223942694,1.24294637,1.259104135,1.274548051,1.287056702,1.299540801,1.309917045,1.319604655,1.328695877,1.335870068,1.343208686,1.349791349,1.356684464,1.362450373,1.36807454,1.373830406,1.379511998,1.385310355,1.392260417,1.398031337,1.404890336,1.410988281
GR0333,SlowHS,1.180240136,1.160794788,1.140993268,1.121500954,1.101405309,1.080853038,1.058152823,1.03612654,1.014322164,0.990968689,0.966241796,0.944064948,0.921294802,0.899462012,0.87914034,0.860409107,0.843133711,0.828655039,0.81753168,0.808545213,0.802236598,0.798854519,0.796101235,0.794545597,0.795429818,0.796609552,0.79954111,0.802161686,0.805011642,0.808110196,0.811326865,0.81459885,0.818280437,0.822661694,0.827256659,0.832559555,0.839139992,0.846032582,0.853151871,0.862099367,0.871742647,0.88338467,0.895349667,0.908590753,0.923310107,0.938640853,0.955519434,0.973615929,0.991931465,1.011261212,1.030421711,1.050503253,1.070865034,1.091021056,1.112035795,1.133464976,1.154180084,1.176215567,1.198327872,1.221531312,1.245247752,1.267994802,1.29134789,1.314813923,1.337202395,1.357555396,1.376133586,1.39087303,1.404448888,1.414609635,1.422157948,1.428282942,1.431787382,1.433903239,1.434309507,1.433767483,1.431292851,1.42843155,1.425621024,1.422205236,1.419036353,1.415545382,1.411895813,1.407788773,1.403616224,1.397908507,1.392617009,1.385727411,1.377640774,1.369298273,1.359276763,1.348962602,1.335936877,1.322294561,1.307576844,1.291472656,1.274044165,1.256720403,1.239590778,1.22045997,1.202364181
GR0334,AcceleratingHS,0.873248005,0.900056885,0.928113891,0.956373406,0.984623063,1.012849668,1.041051849,1.069229714,1.097404554,1.125579394,1.153754234,1.182724298,1.216878417,1.255870786,1.298086838,1.341692361,1.381804588,1.414199083,1.438698616,1.455787252,1.466400041,1.471451575,1.47204417,1.469127612,1.4636059,1.456364148,1.448186124,1.439793163,1.431753512,1.424456188,1.418077369,1.412621834,1.407922104,1.403727344,1.399758056,1.39570921,1.391272059,1.38611115,1.379880594,1.37221005,1.362712545,1.350930707,1.33641629,1.318628856,1.297126641,1.272498076,1.246391832,1.220009708,1.194370003,1.170182994,1.146753629,1.123403033,1.100056183,1.076709333,1.053362483,1.030015633,1.006668783,0.983321933,0.959975083,0.936628233,0.913310517,0.89031157,0.868697917,0.849570809,0.832676478,0.818106727,0.805667048,0.794397505,0.784490878,0.776486765,0.770330909,0.765813464,0.762592943,0.760303617,0.758571706,0.757090232,0.755694058,0.754344196,0.753075403,0.751931546,0.750919249,0.750013314,0.749194637,0.748486828,0.747948176,0.747634912,0.747573288,0.747758659,0.748197121,0.748961051,0.75023861,0.752335639,0.755646656,0.760557105,0.76733495,0.775955354,0.786215044,0.798157869,0.812408783,0.82984959,0.85081583
GR0334,DeceleratingHS,0.919391378,0.902274,0.885840775,0.86949573,0.853150686,0.836805641,0.820460596,0.804115552,0.787770507,0.771425462,0.755080417,0.738735373,0.723315591,0.713915096,0.711210608,0.714245604,0.722247311,0.731395159,0.737456239,0.741104243,0.743230488,0.744538045,0.745540171,0.746503582,0.747492604,0.748413806,0.749080522,0.749306401,0.74894967,0.747992619,0.746549016,0.744868778,0.743353102,0.742513642,0.743001006,0.745536202,0.750898093,0.759989798,0.773635344,0.792556116,0.817210239,0.847781866,0.883851566,0.924636873,0.968850752,1.014950154,1.061061711,1.103744439,1.139699055,1.168721282,1.191289788,1.208610408,1.224616532,1.240581249,1.256545966,1.272510683,1.288475401,1.304440118,1.320404835,1.336369552,1.352334269,1.368336507,1.384492004,1.401131382,1.418518755,1.436327935,1.453599629,1.469189358,1.481881164,1.491095715,1.496998951,1.500182827,1.501277587,1.500691458,1.498685798,1.495474832,1.491214378,1.486137104,1.480460927,1.4743933,1.468069921,1.461548152,1.454820316,1.447796711,1.440260777,1.431801843,1.421789122,1.409426383,1.393813028,1.374081084,1.349485197,1.31943102,1.283619211,1.242114954,1.195373269,1.144476807,1.091936669,1.042110739,0.998875593,0.964117845,0.937883724
GR0334,FastHS,1.401133856,1.404265907,1.407404791,1.410543674,1.413682557,1.416821441,1.419960324,1.423099208,1.426238091,1.429376975,1.432515858,1.435654742,1.439179549,1.444502279,1.450358117,1.454723835,1.455706642,1.450394885,1.436942548,1.416039003,1.388535375,1.355005199,1.316116776,1.272426652,1.224639516,1.173694871,1.120682984,1.067045069,1.014291592,0.963930534,0.917297466,0.875558545,0.839404969,0.809150222,0.784919017,0.766312115,0.752683371,0.743299635,0.737207982,0.733472086,0.73120772,0.729619872,0.728005526,0.725776128,0.722469964,0.717735323,0.711458,0.704469836,0.698114209,0.692979337,0.689477234,0.687696339,0.686495266,0.685346921,0.684201288,0.683055656,0.681910023,0.680771122,0.679652729,0.678553604,0.677471183,0.676648458,0.677640457,0.683278375,0.694728732,0.711884385,0.733768978,0.758168922,0.783274132,0.809597299,0.838329363,0.870630267,0.907187609,0.948227888,0.993429558,1.041904336,1.092553257,1.143986713,1.194851011,1.243849442,1.28979939,1.331535256,1.368120369,1.398694081,1.42280529,1.440435728,1.451986554,1.458189386,1.459945935,1.45819212,1.453797132,1.447470801,1.439728156,1.430857981,1.421079635,1.411126065,1.4025112,1.39644662,1.393439319,1.393504166,1.39574152
GR0334,SlowHS,0.722545923,0.717081459,0.711865711,0.706803755,0.701761705,0.696715418,0.691666197,0.686616582,0.681566967,0.676517352,0.671467736,0.666442625,0.66532727,0.674456917,0.693925653,0.723735493,0.763488875,0.806270857,0.850551247,0.897405153,0.947632228,1.001564441,1.058708415,1.117874875,1.17725704,1.234669287,1.287758494,1.334630348,1.373673068,1.404130913,1.425971431,1.439645813,1.446274621,1.447256286,1.443954039,1.437825733,1.43012134,1.421808373,1.413528274,1.405512666,1.397629829,1.389482397,1.380583931,1.370463096,1.358798509,1.346191047,1.335397638,1.328544846,1.326109773,1.328324289,1.333798865,1.339931714,1.346074367,1.352217021,1.358359675,1.364502329,1.370644983,1.376787637,1.38293029,1.389072944,1.395215598,1.401358252,1.407500906,1.413646396,1.419426578,1.422906412,1.420907136,1.410590209,1.389538801,1.357017302,1.3141276,1.262956697,1.205763586,1.144862087,1.082725907,1.02182466,0.964545607,0.912742147,0.867937224,0.83090503,0.801744638,0.780107052,0.76500875,0.755406972,0.7500444,0.747760036,0.747506183,0.748370841,0.749608602,0.750685577,0.751297219,0.751346655,0.750890511,0.750037132,0.748833561,0.747218008,0.745012215,0.741969071,0.737947049,0.733056208,0.7276399
GR0335,AcceleratingHS,1.404321775,1.405473634,1.406180725,1.406679795,1.407095116,1.407467939,1.407832548,1.408193023,1.408552668,1.408912244,1.409265811,1.409720467,1.412231993,1.418332954,1.427149581,1.437614915,1.448254474,1.45530872,1.457558683,1.455230458,1.448692058,1.438280193,1.424335078,1.407021531,1.386472217,1.362812574,1.336188717,1.306974038,1.275630779,1.242728405,1.208863663,1.174575544,1.140287818,1.106283775,1.072768604,1.039883657,1.007769198,0.976605279,0.94661309,0.918023489,0.891041816,0.865873028,0.842612801,0.82131482,0.802144323,0.785900706,0.773173974,0.763880835,0.757757024,0.754216188,0.751941046,0.750179584,0.748692175,0.747344541,0.746035977,0.744741774,0.743447572,0.74215337,0.740859167,0.739564965,0.738275368,0.737090036,0.736943696,0.739491679,0.745593821,0.755299448,0.768059064,0.782327231,0.796485506,0.809928544,0.822728656,0.835239618,0.847916712,0.861275532,0.875866042,0.8922519,0.910989507,0.932430963,0.956727822,0.983749496,1.013043747,1.043985914,1.075821265,1.107869792,1.139603968,1.170662005,1.200811365,1.229858854,1.257564176,1.283599713,1.307553821,1.328990596,1.347494822,1.362739627,1.374569926,1.383182092,1.389311054,1.393845752,1.397341589,1.400198479,1.402618898
GR0335,DeceleratingHS,0.760110473,0.754844657,0.751266676,0.748304355,0.745546527,0.742824148,0.740111754,0.737401223,0.734689961,0.731919727,0.729057952,0.726121787,0.724057229,0.724326334,0.726768302,0.73107744,0.736897606,0.742606296,0.747509663,0.752075092,0.756882503,0.762410177,0.768950331,0.776654738,0.785541506,0.795586327,0.806795039,0.819198479,0.832903827,0.848079062,0.86492735,0.883666273,0.904501722,0.92763181,0.953213532,0.981244063,1.011543064,1.043753469,1.077347497,1.111658341,1.145964893,1.17954786,1.211783848,1.242133192,1.270155228,1.295614201,1.318016318,1.336562022,1.351249294,1.362581884,1.371106961,1.378035814,1.384569531,1.391060648,1.397544626,1.404028604,1.410512583,1.416996561,1.42348054,1.429964518,1.436442503,1.442913649,1.449395855,1.455957959,1.462865854,1.470475547,1.478565856,1.486267681,1.492514748,1.496132009,1.496183579,1.492579685,1.485829693,1.476535349,1.465276272,1.45248082,1.43831839,1.422707346,1.405310814,1.385666868,1.363403796,1.33832387,1.31058041,1.280561353,1.248827757,1.215955111,1.182413644,1.148524343,1.114464035,1.080306703,1.04609548,1.011896405,0.977810624,0.944028015,0.910788853,0.878370613,0.847261582,0.818507061,0.793807646,0.774284917,0.760209621
GR0335,FastHS,1.304697029,1.289148158,1.274321918,1.259924616,1.245716365,1.231543997,1.217371629,1.203199261,1.189026894,1.174854526,1.160695237,1.14655119,1.132809327,1.120337874,1.108306305,1.095844269,1.082193964,1.066101757,1.04700367,1.025799529,1.003420424,0.980697789,0.958261027,0.936501954,0.915597592,0.895567488,0.876353949,0.857843917,0.840019252,0.823003084,0.807072618,0.792613037,0.779992913,0.769485454,0.76121629,0.75505794,0.750727157,0.747874958,0.746147444,0.745248067,0.744991382,0.74528937,0.746097442,0.747409979,0.749218091,0.751540261,0.754449353,0.758175031,0.763920249,0.77269785,0.784551442,0.799374929,0.816510252,0.834425989,0.852357288,0.870279469,0.88820165,0.906123832,0.924046013,0.941968194,0.959890375,0.97782504,0.996051729,1.015989239,1.040620574,1.071182433,1.10691431,1.146026579,1.185335216,1.221014893,1.251784437,1.277882818,1.300086413,1.319247187,1.33619036,1.351644541,1.366151937,1.38006178,1.393432146,1.406063844,1.417569467,1.427460607,1.435355942,1.441048967,1.444587668,1.44626535,1.446491734,1.445664995,1.444077137,1.44182696,1.438830855,1.434876194,1.429666671,1.422896542,1.41426133,1.403469193,1.390405883,1.375346033,1.358821853,1.341585106,1.324484872
GR0335,SlowHS,0.822437344,0.839382244,0.858298578,0.878097495,0.898160185,0.918298538,0.938443065,0.958587593,0.97873212,0.998876647,1.019023468,1.040644519,1.067446941,1.099880994,1.137261921,1.178553707,1.219879588,1.257397028,1.290488714,1.319212861,1.343906968,1.364962089,1.382762003,1.397543497,1.409493511,1.418772534,1.425521326,1.430053186,1.432736199,1.434027066,1.434412386,1.434322522,1.434061958,1.433761694,1.433377811,1.432728354,1.431554237,1.429565232,1.426476828,1.422044988,1.416081107,1.408419127,1.398927764,1.387278412,1.373024185,1.356547852,1.338726307,1.320209692,1.301854508,1.284281619,1.267180346,1.250211445,1.233267217,1.216329595,1.199391972,1.18245435,1.165516727,1.148579105,1.131641483,1.11470386,1.097833188,1.081172842,1.065191533,1.050025842,1.035041189,1.019555198,1.003141041,0.985260419,0.96609388,0.946396373,0.926699327,0.907169752,0.888015449,0.86954425,0.85216596,0.836335499,0.822479211,0.810771246,0.801178035,0.793412793,0.787000974,0.781463657,0.776415172,0.771693826,0.767359763,0.76362429,0.760747019,0.758937971,0.758292462,0.758784243,0.760290753,0.762617477,0.765554286,0.768907773,0.772529683,0.776282901,0.780129568,0.784398486,0.789869099,0.797588131,0.808406706
GR0336,AcceleratingHS,NaN,NaN,NaN,NaN,NaN,NaN,NaN,NaN,NaN,NaN,NaN,NaN,NaN,NaN,NaN,NaN,NaN,NaN,NaN,NaN,NaN,NaN,NaN,NaN,NaN,NaN,NaN,NaN,NaN,NaN,NaN,NaN,NaN,NaN,NaN,NaN,NaN,NaN,NaN,NaN,NaN,NaN,NaN,NaN,NaN,NaN,NaN,NaN,NaN,NaN,NaN,NaN,NaN,NaN,NaN,NaN,NaN,NaN,NaN,NaN,NaN,NaN,NaN,NaN,NaN,NaN,NaN,NaN,NaN,NaN,NaN,NaN,NaN,NaN,NaN,NaN,NaN,NaN,NaN,NaN,NaN,NaN,NaN,NaN,NaN,NaN,NaN,NaN,NaN,NaN,NaN,NaN,NaN,NaN,NaN,NaN,NaN,NaN,NaN,NaN,NaN
GR0336,DeceleratingHS,0.894248969,0.939318731,0.988786265,1.043211267,1.100216028,1.159064052,1.215267366,1.267251128,1.315157814,1.359207041,1.395602024,1.424594414,1.445944853,1.462239164,1.473613017,1.480697822,1.484773381,1.486837872,1.487289171,1.486546235,1.485799245,1.48491831,1.48383891,1.482766866,1.481453421,1.480641645,1.480516755,1.480209228,1.480248593,1.480780338,1.482001635,1.483480619,1.485167562,1.486334183,1.487482038,1.488486763,1.489068302,1.48958011,1.489977141,1.490209437,1.490079823,1.489387354,1.488386664,1.485872608,1.481535375,1.474482547,1.462718097,1.445578496,1.422536483,1.394022073,1.35828361,1.315646685,1.266978305,1.214762312,1.158392723,1.101246546,1.042712831,0.987642849,0.937247884,0.892499772,0.853031657,0.82112564,0.795131144,0.776056653,0.762115659,0.753388118,0.748163332,0.745494739,0.744551289,0.743747478,0.742886269,0.741747902,0.740443198,0.739596372,0.739225453,0.739263603,0.739681668,0.740138628,0.740736501,0.740962465,0.741510173,0.742165653,0.742769085,0.743531306,0.744156635,0.744633258,0.745102908,0.7453954,0.745480406,0.745558015,0.745720315,0.746132966,0.747173252,0.748968585,0.752402933,0.758281442,0.767551207,0.781624223,0.801799757,0.827029827,0.859667072
GR0336,FastHS,NaN,NaN,NaN,NaN,NaN,NaN,NaN,NaN,NaN,NaN,NaN,NaN,NaN,NaN,NaN,NaN,NaN,NaN,NaN,NaN,NaN,NaN,NaN,NaN,NaN,NaN,NaN,NaN,NaN,NaN,NaN,NaN,NaN,NaN,NaN,NaN,NaN,NaN,NaN,NaN,NaN,NaN,NaN,NaN,NaN,NaN,NaN,NaN,NaN,NaN,NaN,NaN,NaN,NaN,NaN,NaN,NaN,NaN,NaN,NaN,NaN,NaN,NaN,NaN,NaN,NaN,NaN,NaN,NaN,NaN,NaN,NaN,NaN,NaN,NaN,NaN,NaN,NaN,NaN,NaN,NaN,NaN,NaN,NaN,NaN,NaN,NaN,NaN,NaN,NaN,NaN,NaN,NaN,NaN,NaN,NaN,NaN,NaN,NaN,NaN,NaN
GR0336,SlowHS,0.752011866,0.761363463,0.775015928,0.79543421,0.82175351,0.855494691,0.895296785,0.940591544,0.990730244,1.044950211,1.100076357,1.155901561,1.212547802,1.263558121,1.311500085,1.353401559,1.389368331,1.419662755,1.443616392,1.460663441,1.473581636,1.481518438,1.486001988,1.487996791,1.488719306,1.488140194,1.487293741,1.487065505,1.487128464,1.487452138,1.487748118,1.487644003,1.487567139,1.487269212,1.487428969,1.487698575,1.488232627,1.488252492,1.488481428,1.488688301,1.488850074,1.489181898,1.488834357,1.488896952,1.488339721,1.487529278,1.486400156,1.484273183,1.48171257,1.47761474,1.472520358,1.465145162,1.454403908,1.439506304,1.419971805,1.393694807,1.360836906,1.32143858,1.276382446,1.225940419,1.171933013,1.11637665,1.05893746,1.00234645,0.950041232,0.903412953,0.861442392,0.827443663,0.800278275,0.779949425,0.763973772,0.753983531,0.748329585,0.745418062,0.744449399,0.744362261,0.744819489,0.744695533,0.744367077,0.744182028,0.744135112,0.743912027,0.744106858,0.744495086,0.744496505,0.744374226,0.744340908,0.744427009,0.744312578,0.744325072,0.744249301,0.744086113,0.743981445,0.743809759,0.743492713,0.743272035,0.743180111,0.74318293,0.743685789,0.745232936,0.748703493
MLR049,AcceleratingHS,1.282941503,1.292098864,1.300597036,1.308483754,1.314521079,1.318382291,1.320840804,1.320159921,1.315860367,1.310724914,1.300677285,1.289532397,1.277115039,1.260944721,1.244011435,1.2269053,1.208791365,1.192117083,1.175457314,1.159389603,1.145409747,1.131748056,1.12005698,1.110929805,1.10283295,1.095386319,1.089681208,1.085553588,1.082229314,1.080495732,1.078213038,1.076278831,1.073863888,1.071471601,1.069191628,1.066712749,1.063155179,1.059552401,1.054453093,1.049063472,1.042488616,1.035430815,1.027293996,1.018062262,1.00790504,0.998084993,0.988150005,0.977831355,0.967203698,0.957042471,0.946049601,0.936185958,0.92790045,0.91981301,0.913681996,0.909076567,0.906228738,0.905882162,0.908302466,0.913630517,0.92143835,0.931796296,0.944390447,0.959853747,0.975560479,0.99294113,1.011270324,1.028390265,1.045264652,1.062833724,1.077243688,1.091042065,1.104192749,1.114467209,1.124429844,1.132058221,1.138132704,1.142713269,1.147045189,1.150218563,1.152535598,1.155324804,1.157559819,1.159469191,1.162174091,1.164866424,1.168232936,1.172233917,1.176769684,1.18169137,1.187532989,1.194402025,1.201480175,1.209666452,1.218125826,1.227701181,1.237352108,1.247566402,1.258224361,1.269157598,1.279178625
MLR049,DeceleratingHS,0.822164135,0.818037964,0.815065447,0.813300129,0.811790627,0.810618011,0.809886278,0.809961441,0.809266963,0.808558861,0.808094785,0.807553953,0.806756804,0.806565704,0.805680994,0.804859491,0.803897495,0.803305036,0.802848498,0.802179972,0.802028778,0.801529152,0.800847254,0.800768507,0.800674709,0.801512835,0.803201752,0.806229088,0.811349097,0.817633137,0.827503298,0.841326426,0.857949904,0.878179473,0.904714404,0.933145715,0.965955519,1.004516203,1.044161394,1.085339466,1.128585909,1.169955145,1.209789657,1.247039928,1.27852751,1.308546946,1.333112522,1.352252351,1.367594908,1.378562378,1.385547234,1.391427367,1.395411172,1.399028641,1.401910994,1.403490945,1.40443434,1.406069953,1.407487262,1.409024146,1.409974933,1.410976468,1.411211206,1.411261651,1.411854544,1.412785878,1.414231234,1.414633707,1.414356356,1.414759947,1.414654519,1.415369119,1.415670221,1.415602896,1.416033681,1.414698282,1.413773101,1.410602524,1.406779232,1.399883298,1.391185368,1.378593605,1.363179154,1.344011294,1.319245847,1.290888547,1.258845357,1.222261833,1.182567893,1.142521706,1.100781415,1.0584656,1.018520961,0.979101453,0.944445411,0.914399667,0.889370667,0.868907709,0.851556278,0.839045888,0.83028133
MLR049,FastHS,1.373855614,1.376122498,1.37632446,1.372688115,1.369533086,1.362685963,1.351594596,1.338873039,1.321424454,1.30256358,1.280129118,1.256387294,1.229547584,1.20189144,1.174431267,1.144426035,1.115762443,1.088188002,1.05831908,1.032016301,1.00800475,0.985143805,0.965542729,0.949950863,0.935550922,0.925075089,0.917393521,0.912437612,0.908100977,0.905211307,0.902460222,0.900063627,0.898724335,0.896837214,0.894549983,0.892196583,0.890597347,0.888932084,0.886530163,0.884470989,0.882298467,0.880500817,0.878744781,0.876714607,0.874793983,0.871848358,0.868852824,0.865060872,0.861523744,0.857732564,0.854119637,0.85122904,0.849908342,0.850728199,0.852611819,0.858172049,0.867481599,0.878703106,0.894056531,0.912439681,0.933010074,0.955937475,0.981115542,1.008642851,1.036716462,1.065705613,1.094648838,1.123053174,1.151379898,1.17771139,1.204095413,1.22686056,1.24748315,1.264838728,1.279005997,1.290589506,1.299834157,1.307940009,1.313113417,1.317717016,1.321601679,1.324699766,1.327787016,1.330485041,1.332887769,1.335235441,1.337719175,1.34038089,1.343584641,1.345760873,1.34758703,1.349654948,1.351410883,1.353271105,1.355910316,1.358704349,1.361545662,1.365338496,1.36818558,1.371877293,1.376304174
MLR049,SlowHS,0.797910661,0.797224126,0.79645636,0.795922521,0.795487609,0.795060099,0.794401162,0.793669046,0.792758091,0.791821011,0.790789853,0.789774238,0.788582848,0.787836812,0.787039993,0.78672098,0.7864882,0.78705998,0.787791095,0.789639625,0.793645209,0.799125256,0.807712141,0.820061926,0.83672284,0.858876113,0.886803444,0.920583947,0.959144452,1.002446154,1.050683218,1.100942892,1.150791318,1.198671199,1.24533155,1.285887222,1.320959537,1.351894694,1.375060044,1.393065699,1.406739968,1.416131196,1.422477217,1.426776993,1.42928817,1.431126131,1.4327016,1.433412527,1.434807164,1.435195753,1.435695712,1.43636601,1.436851007,1.437266351,1.438130839,1.43891283,1.43952153,1.440515054,1.441676446,1.443524563,1.444299496,1.445634513,1.446164888,1.447106388,1.44770641,1.447441019,1.447452682,1.447144704,1.44619882,1.444400889,1.440620311,1.434439204,1.425949237,1.414579631,1.398293545,1.378271087,1.353167794,1.320557127,1.283953977,1.241787813,1.194159507,1.146555674,1.095767745,1.04686057,1.000505604,0.958395682,0.921613776,0.89072855,0.866397357,0.847177503,0.832408041,0.822444886,0.815397752,0.810392107,0.8069834,0.80525416,0.803791614,0.802806388,0.801916233,0.801091581,0.800349372
MLR050,AcceleratingHS,0.830689893,0.821039007,0.812196832,0.804015427,0.796415184,0.789369835,0.783186526,0.777804995,0.772531781,0.767933357,0.764057246,0.761116715,0.758929192,0.757078818,0.756673906,0.757869063,0.760083309,0.763923417,0.770149366,0.779300149,0.791088017,0.807304254,0.826608317,0.84909972,0.875038748,0.903082713,0.934114553,0.965789824,0.998205053,1.03013017,1.061242904,1.090187233,1.117029141,1.142343712,1.165143189,1.185372408,1.203936948,1.221489739,1.238708501,1.255021803,1.270890711,1.286726418,1.302119238,1.316980922,1.331574058,1.345886087,1.359859161,1.37303954,1.385535529,1.396963629,1.407334189,1.417236353,1.426248298,1.434275107,1.441371419,1.447326758,1.452434509,1.456807119,1.459854023,1.463324193,1.467068684,1.470132837,1.474389523,1.477751529,1.479983656,1.481210669,1.48085916,1.478874356,1.474424601,1.467788477,1.458241828,1.445162553,1.42859239,1.407884798,1.382787909,1.356342997,1.325580444,1.294394294,1.261687446,1.229847662,1.19923719,1.167946817,1.140390967,1.114394722,1.090613153,1.068945315,1.04878696,1.030723068,1.013453919,0.996225081,0.97984371,0.964228393,0.948864826,0.933561374,0.918223315,0.90352191,0.889570491,0.876222117,0.86325331,0.85144961,0.840881056
MLR050,DeceleratingHS,1.23069894,1.236672225,1.242626046,1.246819289,1.25052969,1.254910064,1.257902996,1.261410331,1.263110412,1.265740576,1.267164798,1.267203556,1.268048942,1.268301287,1.267980115,1.268767696,1.268297791,1.267878328,1.268391024,1.26901461,1.270164923,1.271498217,1.273574157,1.276055859,1.278143114,1.281447251,1.28371115,1.287513079,1.290703973,1.293476297,1.296243291,1.296848237,1.295999223,1.291494207,1.284961573,1.276266268,1.262592984,1.247135931,1.228311079,1.207400221,1.184463977,1.16030626,1.135871968,1.112557784,1.091083411,1.070946449,1.053876666,1.038279937,1.026005721,1.014896668,1.00566642,0.99881311,0.992264956,0.987550125,0.982411185,0.978452907,0.974250122,0.970646544,0.968354184,0.965280241,0.964270586,0.963296159,0.962723597,0.961802882,0.962415249,0.962555048,0.962208889,0.963184048,0.962865866,0.961971281,0.960098022,0.958094741,0.956001268,0.952176608,0.949186968,0.945016792,0.941043769,0.937654273,0.934368297,0.931415418,0.930154827,0.928644756,0.930316123,0.932733898,0.939039284,0.947815799,0.960378763,0.975622328,0.994048926,1.01510426,1.038055333,1.061927692,1.087013523,1.111821209,1.133711537,1.155860878,1.173582322,1.18980606,1.20380536,1.21549984,1.224549056
MLR050,FastHS,0.982979126,0.991610393,0.999942184,1.008029402,1.01446839,1.020429777,1.024490384,1.027516787,1.029034651,1.029836099,1.030088093,1.029018786,1.027743973,1.026691881,1.026550467,1.026420978,1.028390903,1.031074986,1.036365228,1.043401944,1.053831901,1.067071855,1.080873171,1.100542296,1.119287494,1.142099451,1.163014882,1.185915017,1.207246186,1.226770981,1.245604874,1.260840252,1.275038123,1.285325045,1.294436868,1.299868737,1.304322895,1.30680334,1.308214321,1.308785949,1.308167113,1.307261619,1.305224942,1.302959016,1.298537587,1.293685567,1.288010907,1.280167538,1.272005145,1.26296794,1.254893921,1.244422544,1.235788729,1.227577534,1.220097629,1.214594107,1.209200685,1.205211903,1.201640255,1.201428431,1.200159783,1.200740365,1.201785656,1.202454356,1.202797692,1.202714628,1.201678051,1.199399291,1.195471522,1.188869019,1.180608599,1.16882416,1.155645975,1.139431147,1.120466042,1.100839755,1.079122839,1.05871296,1.036511422,1.017023445,0.997569241,0.981148543,0.967186107,0.95554849,0.946040856,0.938856936,0.934135643,0.931069739,0.928870791,0.928084951,0.927992857,0.928976194,0.929467047,0.932378275,0.935869699,0.94029865,0.945482506,0.952214244,0.959712442,0.967488831,0.977046709
MLR050,SlowHS,0.764360971,0.767628349,0.771278192,0.775255325,0.780337377,0.785996871,0.792687154,0.800021101,0.808844235,0.818331501,0.829243189,0.841605281,0.854737692,0.870291563,0.885688924,0.902650546,0.920215115,0.939817651,0.960379538,0.982124901,1.006311035,1.030438984,1.057580072,1.085025365,1.11501533,1.145629041,1.17675631,1.208953877,1.239169948,1.270487547,1.298555563,1.326000991,1.350511841,1.372770929,1.393078925,1.409711017,1.42433245,1.436874148,1.447172093,1.456123246,1.463431602,1.468972724,1.472909976,1.476150543,1.478095373,1.479458189,1.48052038,1.480631064,1.479525739,1.477425977,1.474928078,1.471640513,1.46820651,1.463510979,1.458093093,1.451249525,1.4442045,1.436413821,1.427447007,1.417791211,1.406701489,1.395151932,1.38287907,1.369565537,1.354460618,1.33885295,1.321691784,1.303631764,1.284583423,1.263912765,1.241627373,1.21791078,1.192508024,1.165549754,1.136909706,1.107629587,1.075974457,1.045370771,1.013594509,0.983238871,0.954516563,0.925697489,0.90025242,0.876729959,0.855676071,0.837154508,0.821767389,0.808397266,0.797125987,0.787944561,0.780184039,0.774072853,0.769369827,0.765853944,0.763191349,0.761517584,0.760513547,0.760252609,0.760785697,0.762186278,0.764076913
