Subjects,Condition,Trial,Leg,Time,StepLength,StepTime,LeadingLimbAngle,TrailingLimbAngle,PeakPropulsion,PeakBraking,PropulsionImpulse,BrakingImpulse,StepLength_Norm
GR0326,Accelerate,AcceleratingHS,Left,first30,0.506860819,0.630666667,26.72679401,-25.44689188,0.181452087,-0.095521376,0.035895058,-0.020206647,0.61812295
GR0327,Accelerate,AcceleratingHS,Left,first30,0.443484414,0.471,21.52503502,-19.1523119,0.177202678,-0.125081,0.020160473,-0.014463631,0.554355518
GR0328,Accelerate,AcceleratingHS,Left,first30,0.471308895,0.482,22.46400996,-16.11345756,0.164602799,-0.122672566,0.017818165,-0.02123704,0.589136119
GR0329,Accelerate,AcceleratingHS,Left,first30,0.622901994,0.64,30.8170428,-21.92795572,0.179946428,-0.172899419,0.042695462,-0.028827314,0.75048433
GR0330,Accelerate,AcceleratingHS,Left,first30,0.624685594,0.607666667,28.25615628,-15.81114594,0.137974927,-0.144402197,0.017642305,-0.030069616,0.67900608
GR0331,Accelerate,AcceleratingHS,Left,first30,0.546428223,0.527666667,27.58082698,-19.51968834,0.152229675,-0.104085572,0.023969298,-0.02342635,0.620941163
GR0334,Accelerate,AcceleratingHS,Left,first30,0.599568135,0.541666667,29.16654152,-17.02604137,0.11245732,-0.131444405,0.013696209,-0.024003173,0.749460169
GR0335,Accelerate,AcceleratingHS,Left,first30,0.55328652,0.526,28.30121947,-17.2272351,0.160806429,-0.142166811,0.017075142,-0.037902714,0.643356419
GR0336,Accelerate,AcceleratingHS,Left,first30,0.568354763,0.528,23.50668523,-22.5451632,0.221659636,-0.154908141,0.032531973,-0.023970107,0.645857685
MLR049,Accelerate,AcceleratingHS,Left,first30,0.630931732,0.585,29.14915401,-20.17884108,0.16273433,-0.202203396,0.033506649,-0.033898706,0.713723679
MLR050,Accelerate,AcceleratingHS,Left,first30,0.561705941,0.616,26.50921728,-20.38287608,0.181397651,-0.095470505,0.026131252,-0.019468849,0.62971518
GR0326,Baseline075,Baseline075,Left,first30,0.436132331,0.638666667,27.10491088,-12.98093255,0.073894028,-0.096058824,0.018448466,-0.02388447,0.531868696
GR0327,Baseline075,Baseline075,Left,first30,0.385845934,0.582666667,23.88899254,-10.95926028,0.087848511,-0.089173503,0.018286451,-0.016071442,0.482307418
GR0328,Baseline075,Baseline075,Left,first30,0.452455664,0.707666667,28.08395865,-14.90865077,0.120430173,-0.090526393,0.02897169,-0.022343233,0.56556958
GR0329,Baseline075,Baseline075,Left,first30,0.462524803,0.723,28.20753858,-18.10706521,0.135810847,-0.107029034,0.034628042,-0.029691731,0.557258799
GR0330,Baseline075,Baseline075,Left,first30,0.444517231,0.677333333,24.41483897,-12.82482541,0.110060427,-0.094421781,0.022717241,-0.021937301,0.483170903
GR0331,Baseline075,Baseline075,Left,first30,0.43916154,0.633666667,26.41187419,-13.12642034,0.09762127,-0.077062895,0.023716249,-0.021055495,0.499047205
GR0334,Baseline075,Baseline075,Left,first30,0.446745953,0.663666667,29.05298178,-14.83177739,0.118470432,-0.098173316,0.026962747,-0.0199189,0.558432441
GR0335,Baseline075,Baseline075,Left,first30,0.405660244,0.607,24.6825527,-14.79115241,0.116823434,-0.108366323,0.023336276,-0.021955746,0.471697958
GR0336,Baseline075,Baseline075,Left,first30,0.41263518,0.605,23.62083302,-15.12215036,0.124888779,-0.114999352,0.02580827,-0.021338473,0.468903614
MLR049,Baseline075,Baseline075,Left,first30,0.455686086,0.670666667,28.10031623,-12.91437992,0.094922335,-0.10182002,0.026197281,-0.024403631,0.515481998
MLR050,Baseline075,Baseline075,Left,first30,0.445590658,0.660666667,23.9787878,-14.4100294,0.126637007,-0.074087331,0.027700182,-0.016429688,0.499541096
GR0326,Baseline1125,Baseline1125,Left,first30,0.565058011,0.566666667,30.84925999,-18.77395089,0.158398061,-0.156419206,0.029145465,-0.033581218,0.689095135
GR0327,Baseline1125,Baseline1125,Left,first30,0.495789724,0.507333333,25.43283709,-17.78843096,0.162862524,-0.124002881,0.021971537,-0.01643661,0.619737155
GR0328,Baseline1125,Baseline1125,Left,first30,0.555421284,0.562666667,28.88091758,-19.82139724,0.19778242,-0.15167586,0.031452002,-0.02564223,0.694276605
GR0329,Baseline1125,Baseline1125,Left,first30,0.567906862,0.585333333,30.38567248,-22.1858415,0.204115632,-0.188640771,0.039162558,-0.029170602,0.684225135
GR0330,Baseline1125,Baseline1125,Left,first30,0.547995533,0.587666667,28.70248166,-17.32985749,0.19081735,-0.141725071,0.02851709,-0.025598348,0.595647318
GR0331,Baseline1125,Baseline1125,Left,first30,0.539561677,0.543,27.9714278,-17.96190534,0.159824985,-0.136004726,0.024929724,-0.03401715,0.613138269
GR0334,Baseline1125,Baseline1125,Left,first30,0.531980338,0.535,31.54879927,-19.28133126,0.178799061,-0.165813448,0.028691001,-0.025324816,0.664975423
GR0335,Baseline1125,Baseline1125,Left,first30,0.523939149,0.536,28.97417067,-19.74134745,0.1945749,-0.186535785,0.030277556,-0.028732855,0.609231569
GR0336,Baseline1125,Baseline1125,Left,first30,0.528469337,0.532,27.52243932,-19.21623628,0.183932928,-0.188522842,0.032448147,-0.026800706,0.600533338
MLR049,Baseline1125,Baseline1125,Left,first30,0.606503693,0.596666667,30.90216821,-20.11606472,0.177766132,-0.171903029,0.036162339,-0.035777696,0.68609015
MLR050,Baseline1125,Baseline1125,Left,first30,0.547317832,0.566,27.57977256,-19.00527224,0.182862298,-0.124424839,0.030521388,-0.021019943,0.613585013
GR0326,Baseline150,Baseline150,Left,first30,0.689930274,0.527666667,34.15554631,-24.47270398,0.224059036,-0.220598264,0.034700089,-0.037420308,0.841378383
GR0327,Baseline150,Baseline150,Left,first30,0.561380016,0.437333333,25.25279988,-22.24927282,0.187201897,-0.166320758,0.02264274,-0.021663883,0.70172502
GR0328,Baseline150,Baseline150,Left,first30,0.616594332,0.488666667,29.98416885,-23.49930125,0.270130423,-0.212462091,0.035395146,-0.029302387,0.770742915
GR0329,Baseline150,Baseline150,Left,first30,0.647148569,0.504666667,31.4329242,-25.03179654,0.274190003,-0.248974042,0.040928289,-0.030904826,0.779697071
GR0330,Baseline150,Baseline150,Left,first30,0.652978234,0.541333333,31.76252959,-21.46013978,0.272834656,-0.211240962,0.03639751,-0.031830829,0.70975895
GR0331,Baseline150,Baseline150,Left,first30,0.646386712,0.495333333,31.33200741,-22.23088607,0.207823557,-0.175071477,0.029691193,-0.02881309,0.734530355
GR0334,Baseline150,Baseline150,Left,first30,0.635579246,0.485,34.62699065,-23.05138692,0.24066483,-0.240534411,0.03143494,-0.032194451,0.794474058
GR0335,Baseline150,Baseline150,Left,first30,0.616836109,0.487,32.21311655,-23.12332716,0.267796338,-0.266378019,0.034683654,-0.03554146,0.71725129
GR0336,Baseline150,Baseline150,Left,first30,0.655263027,0.496,31.26001605,-24.83765453,0.25527909,-0.286798583,0.038838362,-0.036987054,0.744617076
MLR049,Baseline150,Baseline150,Left,first30,0.682092634,0.517333333,33.08203906,-21.6925544,0.199952719,-0.208037225,0.032634195,-0.032537574,0.771598002
MLR050,Baseline150,Baseline150,Left,first30,0.647902198,0.502,29.52134725,-23.19050282,0.239684693,-0.176712495,0.032941013,-0.02549502,0.726347756
GR0326,Decelerate,DeceleratingHS,Left,first30,0.577739011,0.552666667,33.84944656,-19.52327101,0.166226404,-0.157784282,0.038370257,-0.027589185,0.70455977
GR0327,Decelerate,DeceleratingHS,Left,first30,0.454521645,0.455,26.07034761,-16.8216114,0.161471341,-0.130016705,0.027683539,-0.015185229,0.568152056
GR0328,Decelerate,DeceleratingHS,Left,first30,0.423012643,0.453333333,24.83284306,-15.92429089,0.20127867,-0.13488346,0.032991742,-0.016765213,0.528765804
GR0329,Decelerate,DeceleratingHS,Left,first30,0.539370317,0.643,29.0258568,-27.19580799,0.260486518,-0.174075313,0.051016364,-0.035372665,0.649843755
GR0330,Decelerate,DeceleratingHS,Left,first30,0.488979471,0.597666667,28.26900425,-20.59993093,0.214295761,-0.160565778,0.048031023,-0.022065065,0.531499425
GR0331,Decelerate,DeceleratingHS,Left,first30,0.538697884,0.509333333,29.09612339,-16.97036311,0.132563233,-0.13381214,0.034292589,-0.034268027,0.612156686
GR0334,Decelerate,DeceleratingHS,Left,first30,0.488165515,0.549333333,33.43906735,-19.24538124,0.185188047,-0.150062006,0.039629779,-0.019085705,0.610206894
GR0335,Decelerate,DeceleratingHS,Left,first30,0.480884893,0.505,29.88294293,-18.0317531,0.183841915,-0.203701842,0.036256201,-0.02659522,0.55916848
GR0336,Decelerate,DeceleratingHS,Left,first30,0.479249887,0.551,27.63555221,-24.31562012,0.28000644,-0.188317079,0.059535513,-0.023569231,0.544602144
MLR049,Decelerate,DeceleratingHS,Left,first30,0.579543349,0.573,29.99551076,-19.22807686,0.172422342,-0.168866503,0.032476062,-0.028632889,0.655592024
MLR050,Decelerate,DeceleratingHS,Left,first30,0.620155566,0.524,29.81099998,-15.95419539,0.140045637,-0.193254304,0.031242915,-0.029271593,0.695241666
GR0326,Fast,FastHS,Left,first30,0.424964029,0.600666667,26.97212355,-30.87926925,0.210659968,-0.111806073,0.045446113,-0.02318904,0.518248816
GR0327,Fast,FastHS,Left,first30,0.430852777,0.495333333,26.3703215,-21.56624289,0.170981535,-0.121955861,0.025401819,-0.015177576,0.538565971
GR0328,Fast,FastHS,Left,first30,0.348732386,0.448,23.71198084,-21.77944743,0.237785315,-0.116890523,0.033649535,-0.016285295,0.435915483
GR0329,Fast,FastHS,Left,first30,0.539760646,0.668333333,29.279565,-27.01171899,0.241400706,-0.131391695,0.040245546,-0.032821328,0.650314031
GR0330,Fast,FastHS,Left,first30,0.608252643,0.591,29.75170197,-19.14976433,0.157165907,-0.166041452,0.021235135,-0.037558591,0.661144177
GR0331,Fast,FastHS,Left,first30,0.48564876,0.546666667,33.78516895,-23.08851608,0.207574727,-0.103705995,0.035428949,-0.020730272,0.551873591
GR0334,Fast,FastHS,Left,first30,0.492454427,0.550666667,32.03637159,-24.31782792,0.189191096,-0.166897903,0.026997473,-0.031312552,0.615568034
GR0335,Fast,FastHS,Left,first30,0.454672697,0.526333333,29.32841375,-21.82095902,0.183968358,-0.149355456,0.023996012,-0.03138077,0.528689183
GR0336,Fast,FastHS,Left,first30,0.458764835,0.535666667,26.18484923,-27.56763628,0.246764808,-0.178049861,0.044269482,-0.025473039,0.521323676
MLR049,Fast,FastHS,Left,first30,0.633913947,0.605,31.45847465,-20.60373528,0.160874335,-0.171377722,0.030789454,-0.032554714,0.717097225
MLR050,Fast,FastHS,Left,first30,0.475356684,0.576666667,26.97109934,-25.29424737,0.215574483,-0.115290907,0.0372264,-0.024663382,0.532911081
GR0326,Open Loop - Post,OpenLoopPost,Left,first30,0.542105338,0.619666667,31.56663687,-22.97595025,0.151741823,-0.234663522,0.040311792,-0.037922633,0.661104071
GR0327,Open Loop - Post,OpenLoopPost,Left,first30,0.503087651,0.528666667,27.88990591,-18.66897342,0.144885198,-0.088263639,0.021553827,-0.015925477,0.628859564
GR0328,Open Loop - Post,OpenLoopPost,Left,first30,0.461555414,0.497333333,23.85197726,-14.80518728,0.169530136,-0.135313886,0.025692631,-0.016453214,0.576944268
GR0329,Open Loop - Post,OpenLoopPost,Left,first30,0.549888949,0.616666667,30.14307516,-22.13542804,0.213837092,-0.14395114,0.041954113,-0.024245558,0.662516806
GR0330,Open Loop - Post,OpenLoopPost,Left,first30,0.498444424,0.571666667,28.89900112,-18.88399822,0.220912677,-0.182869849,0.043395415,-0.025201731,0.541787417
GR0331,Open Loop - Post,OpenLoopPost,Left,first30,0.504343311,0.536333333,32.52441355,-22.66591241,0.226765483,-0.15477129,0.040428885,-0.026166645,0.573117399
GR0334,Open Loop - Post,OpenLoopPost,Left,first30,0.560165824,0.565333333,31.36717307,-18.33181322,0.148142035,-0.158453955,0.02883284,-0.023251653,0.70020728
GR0335,Open Loop - Post,OpenLoopPost,Left,first30,0.541453842,0.522333333,28.60114071,-16.98300476,0.168148463,-0.187827328,0.031533506,-0.024057735,0.629597491
GR0336,Open Loop - Post,OpenLoopPost,Left,first30,0.50055832,0.574,27.23828606,-26.64366617,0.231030418,-0.116643806,0.038399211,-0.023454247,0.568816273
MLR049,Open Loop - Post,OpenLoopPost,Left,first30,0.630460448,0.593,30.9679958,-21.4757855,0.171451103,-0.202468017,0.03335694,-0.036253534,0.713190552
MLR050,Open Loop - Post,OpenLoopPost,Left,first30,0.512547677,0.587666667,25.55998055,-22.80454277,0.201685613,-0.081904893,0.030604439,-0.016923643,0.574605019
GR0326,Open Loop - Pre,OpenLoopPre,Left,first30,0.528516885,0.553,31.31400537,-19.82630216,0.190212775,-0.200634307,0.032468694,-0.029536158,0.644532787
GR0327,Open Loop - Pre,OpenLoopPre,Left,first30,0.555919383,0.496666667,22.69509151,-15.94077624,0.154264727,-0.144711456,0.016848207,-0.023248372,0.694899229
GR0328,Open Loop - Pre,OpenLoopPre,Left,first30,0.497595601,0.537666667,26.5608054,-19.24423445,0.206597805,-0.124354215,0.035240864,-0.020899435,0.621994501
GR0329,Open Loop - Pre,OpenLoopPre,Left,first30,0.58153048,0.600333333,28.54777318,-22.09388079,0.189897079,-0.1635076,0.037768486,-0.027590824,0.700639133
GR0330,Open Loop - Pre,OpenLoopPre,Left,first30,0.527894854,0.623333333,30.12320457,-22.68672268,0.218321702,-0.152389087,0.038410985,-0.031162347,0.573798754
GR0331,Open Loop - Pre,OpenLoopPre,Left,first30,0.603619689,0.589666667,30.84347629,-20.29887232,0.163344741,-0.142772327,0.028643437,-0.032307184,0.685931465
GR0334,Open Loop - Pre,OpenLoopPre,Left,first30,0.601613661,0.550333333,29.82881109,-17.7768055,0.107234244,-0.142106998,0.012729223,-0.029941012,0.752017076
GR0335,Open Loop - Pre,OpenLoopPre,Left,first30,0.517661351,0.509333333,25.21327813,-18.74063052,0.169242099,-0.191866798,0.032367563,-0.023924516,0.601931803
GR0336,Open Loop - Pre,OpenLoopPre,Left,first30,0,0,0,0,0,0,0,0,0
MLR049,Open Loop - Pre,OpenLoopPre,Left,first30,0.601841506,0.532333333,25.7635939,-18.69603216,0.13289177,-0.181630421,0.025378947,-0.034154922,0.680816183
MLR050,Open Loop - Pre,OpenLoopPre,Left,first30,0.531167303,0.574333333,29.06663769,-22.73955646,0.216956016,-0.147282687,0.035218689,-0.026725643,0.595479039
GR0326,Slow,SlowHS,Left,first30,0.656824931,0.582333333,31.95296936,-18.25720746,0.151741823,-0.234663522,0.040311792,-0.037922633,0.801006013
GR0327,Slow,SlowHS,Left,first30,0.562360324,0.483,27.0451387,-10.48587436,0.104650722,-0.12419241,0.017795663,-0.01205982,0.702950405
GR0328,Slow,SlowHS,Left,first30,0.537714178,0.468666667,25.59383245,-9.148088823,0.099286559,-0.137571984,0.01587693,-0.016679939,0.672142723
GR0329,Slow,SlowHS,Left,first30,0.594957415,0.596,31.79672385,-21.92767867,0.099286559,-0.137571984,0.01587693,-0.016679939,0.716816163
GR0330,Slow,SlowHS,Left,first30,0.655725057,0.567,30.68214819,-11.60552752,0.121121599,-0.24765314,0.024174625,-0.037891098,0.712744627
GR0331,Slow,SlowHS,Left,first30,0.588703672,0.525666667,27.09518905,-15.53150335,0.091666719,-0.11979651,0.022475381,-0.020406264,0.668981445
GR0334,Slow,SlowHS,Left,first30,0.611035111,0.536666667,31.42362931,-15.00979017,0.113854015,-0.204034827,0.025628635,-0.028461919,0.763793889
GR0335,Slow,SlowHS,Left,first30,0.556271498,0.516333333,26.91441911,-13.78334977,0.105445302,-0.168233813,0.013246989,-0.027683821,0.646827323
GR0336,Slow,SlowHS,Left,first30,0.588861896,0.564,26.62894405,-18.07722517,0.175685003,-0.200112077,0.045959256,-0.021515745,0.669161245
MLR049,Slow,SlowHS,Left,first30,0.593242193,0.564666667,27.54308556,-19.17739148,0.184246775,-0.222565477,0.039471911,-0.036226866,0.671088454
MLR050,Slow,SlowHS,Left,first30,0.638036479,0.588666667,29.80275092,-16.96142366,0.151653262,-0.193391374,0.032892534,-0.030788881,0.715287533
GR0326,Accelerate,AcceleratingHS,Right,first30,0.687317303,0.564333333,37.36482999,-18.10008476,0.226319249,-0.25315746,0.041405313,-0.046534369,0.838191833
GR0327,Accelerate,AcceleratingHS,Right,first30,0.508617593,0.499666667,26.10313981,-16.77890339,0.172557187,-0.209949119,0.029733297,-0.026236653,0.635771991
GR0328,Accelerate,AcceleratingHS,Right,first30,0.437950361,0.446666667,24.72058368,-15.448413,0.169240667,-0.179961892,0.026899055,-0.020981399,0.547437951
GR0329,Accelerate,AcceleratingHS,Right,first30,0.573036706,0.639666667,34.48951041,-25.15860959,0.241692383,-0.243546881,0.037542394,-0.04757228,0.69040567
GR0330,Accelerate,AcceleratingHS,Right,first30,0.52476313,0.583333333,30.77616085,-22.11298212,0.263041307,-0.195015491,0.048694932,-0.028407286,0.570394707
GR0331,Accelerate,AcceleratingHS,Right,first30,0.527841279,0.555,34.77386761,-17.35673588,0.172755519,-0.106190122,0.038934221,-0.017741785,0.593080089
GR0334,Accelerate,AcceleratingHS,Right,first30,0.467730108,0.576,34.91125673,-24.26252145,0.293011194,-0.169148952,0.048046647,-0.032921109,0.592063428
GR0335,Accelerate,AcceleratingHS,Right,first30,0.509994243,0.561333333,34.23706441,-17.77050578,0.205840411,-0.15222736,0.04352785,-0.01914506,0.593016562
GR0336,Accelerate,AcceleratingHS,Right,first30,0.534039973,0.547333333,27.81884631,-23.66656284,0.240175791,-0.198821627,0.051336196,-0.027789193,0.603434998
MLR049,Accelerate,AcceleratingHS,Right,first30,0.58886306,0.693333333,31.82208291,-23.24321984,0.220224921,-0.134780331,0.04511133,-0.030974105,0.666134683
MLR050,Accelerate,AcceleratingHS,Right,first30,0.551819587,0.527666667,28.57345201,-20.17397644,0.194932293,-0.204511624,0.03596986,-0.031363566,0.618631824
GR0326,Baseline075,Baseline075,Right,first30,0.424760706,0.634,28.04101161,-12.41319363,0.10660159,-0.097302596,0.033033962,-0.02070374,0.518000861
GR0327,Baseline075,Baseline075,Right,first30,0.399366831,0.571333333,22.50185648,-12.52091278,0.083340935,-0.096164997,0.018687136,-0.014288642,0.499208539
GR0328,Baseline075,Baseline075,Right,first30,0.448082136,0.667,26.87986758,-14.96443448,0.104928208,-0.125929534,0.028299243,-0.02862033,0.56010267
GR0329,Baseline075,Baseline075,Right,first30,0.497451705,0.750333333,30.64196381,-16.33711148,0.124371,-0.128203294,0.03023277,-0.03297727,0.599339404
GR0330,Baseline075,Baseline075,Right,first30,0.449675324,0.673666667,22.71236559,-14.54455532,0.124634419,-0.099133113,0.025042809,-0.022041619,0.488777526
GR0331,Baseline075,Baseline075,Right,first30,0.441483477,0.657666667,28.65239361,-11.96436938,0.096639416,-0.085152147,0.026187045,-0.024276995,0.496048851
GR0334,Baseline075,Baseline075,Right,first30,0.427462138,0.7,29.82177087,-15.39135943,0.123002794,-0.09727762,0.027765291,-0.024493969,0.541091314
GR0335,Baseline075,Baseline075,Right,first30,0.424343111,0.635333333,25.62616549,-13.73131978,0.126801671,-0.105073781,0.028942096,-0.020647589,0.493422222
GR0336,Baseline075,Baseline075,Right,first30,0.436539148,0.621666667,24.50913045,-14.11315746,0.126092491,-0.113773819,0.027112696,-0.020298488,0.493264574
MLR049,Baseline075,Baseline075,Right,first30,0.44601241,0.713,29.12506525,-13.4080164,0.11918838,-0.101478571,0.035452035,-0.027157406,0.504538925
MLR050,Baseline075,Baseline075,Right,first30,0.43220497,0.640666667,22.09851344,-15.21028529,0.107814405,-0.088322087,0.023040517,-0.019618705,0.48453472
GR0326,Baseline1125,Baseline1125,Right,first30,0.56327645,0.559,31.52552805,-18.37597461,0.161793888,-0.119881487,0.033282804,-0.021080428,0.6869225
GR0327,Baseline1125,Baseline1125,Right,first30,0.507193395,0.505666667,23.73219437,-18.71736766,0.152117513,-0.146145807,0.020367078,-0.019676599,0.633991744
GR0328,Baseline1125,Baseline1125,Right,first30,0.543730474,0.558666667,27.93045607,-19.21075501,0.189217195,-0.194605725,0.031175421,-0.03206516,0.679663093
GR0329,Baseline1125,Baseline1125,Right,first30,0.588440938,0.596333333,32.62355736,-20.46271504,0.190332677,-0.211876436,0.031008053,-0.037788231,0.708964986
GR0330,Baseline1125,Baseline1125,Right,first30,0.57646795,0.569333333,28.13538521,-18.00707905,0.196264648,-0.167763841,0.028933699,-0.02735983,0.626595598
GR0331,Baseline1125,Baseline1125,Right,first30,0.545523881,0.543,30.40661061,-16.65335065,0.166456517,-0.097422992,0.032147642,-0.017826825,0.612948181
GR0334,Baseline1125,Baseline1125,Right,first30,0.523976661,0.558333333,32.55678281,-19.47670206,0.183644054,-0.175133202,0.031324369,-0.030602517,0.663261596
GR0335,Baseline1125,Baseline1125,Right,first30,0.55075794,0.545,30.17207961,-18.75142399,0.210083959,-0.176748738,0.03443232,-0.028150278,0.640416209
GR0336,Baseline1125,Baseline1125,Right,first30,0.542037431,0.525333333,28.19347136,-18.70500564,0.185315313,-0.181098811,0.030311481,-0.026255497,0.612471673
MLR049,Baseline1125,Baseline1125,Right,first30,0.584947749,0.625,32.22177979,-19.75454191,0.189837043,-0.154219901,0.040903265,-0.031285988,0.661705598
MLR050,Baseline1125,Baseline1125,Right,first30,0.57259026,0.561,26.95084334,-19.41592288,0.162714304,-0.151833257,0.027081161,-0.026967973,0.641917332
GR0326,Baseline150,Baseline150,Right,first30,0.686061365,0.520333333,34.37856621,-23.96764359,0.251833946,-0.202495641,0.041895474,-0.032052926,0.836660201
GR0327,Baseline150,Baseline150,Right,first30,0.556553393,0.445,23.04753924,-23.53913954,0.177797205,-0.163244633,0.024107925,-0.018021727,0.695691741
GR0328,Baseline150,Baseline150,Right,first30,0.623960786,0.484666667,30.31633594,-21.38761935,0.254312054,-0.2648053,0.033385973,-0.033551052,0.779950983
GR0329,Baseline150,Baseline150,Right,first30,0.658292472,0.505666667,32.74906461,-23.19689544,0.248198129,-0.279386601,0.031259363,-0.040824629,0.79312346
GR0330,Baseline150,Baseline150,Right,first30,0.690444123,0.522333333,30.92343972,-22.69086906,0.249940163,-0.275522067,0.035129903,-0.035878316,0.750482742
GR0331,Baseline150,Baseline150,Right,first30,0.654727767,0.504,33.41678872,-21.55168487,0.241323979,-0.197062852,0.038109976,-0.032014074,0.735649176
GR0334,Baseline150,Baseline150,Right,first30,0.612898059,0.506666667,34.89869484,-24.4824694,0.275839688,-0.225096594,0.038756339,-0.032876331,0.775820328
GR0335,Baseline150,Baseline150,Right,first30,0.646533718,0.491,33.01886647,-21.92011276,0.274188516,-0.2257398,0.037265347,-0.029722425,0.751783393
GR0336,Baseline150,Baseline150,Right,first30,0.654681018,0.492666667,31.76937861,-24.37790793,0.26557053,-0.261176526,0.038933743,-0.032990063,0.739752563
MLR049,Baseline150,Baseline150,Right,first30,0.656888531,0.541666667,33.83648025,-22.17559658,0.241288561,-0.218077902,0.044296095,-0.033952186,0.743086574
MLR050,Baseline150,Baseline150,Right,first30,0.675158693,0.514666667,29.44083602,-23.5730382,0.229874234,-0.204040935,0.033196279,-0.032735212,0.756904364
GR0326,Decelerate,DeceleratingHS,Right,first30,0.6322939,0.661666667,33.22371331,-21.57718533,0.228949229,-0.092534279,0.047263683,-0.016457213,0.771090122
GR0327,Decelerate,DeceleratingHS,Right,first30,0.530063756,0.530333333,24.28716027,-17.78678923,0.170105852,-0.112890983,0.019581903,-0.020522697,0.662579695
GR0328,Decelerate,DeceleratingHS,Right,first30,0.474746249,0.47,22.28667178,-14.83617979,0.13721706,-0.157339175,0.013357805,-0.02882534,0.593432811
GR0329,Decelerate,DeceleratingHS,Right,first30,0.663461939,0.634666667,33.01160877,-19.44319196,0.15428811,-0.237682767,0.02832247,-0.045284938,0.799351734
GR0330,Decelerate,DeceleratingHS,Right,first30,0.68825102,0.606,30.16173743,-18.20969353,0.199317475,-0.185748944,0.02642059,-0.043548635,0.748098935
GR0331,Decelerate,DeceleratingHS,Right,first30,0.557160526,0.590333333,31.94435023,-18.16788678,0.189420458,-0.060223934,0.033616733,-0.013659227,0.626023063
GR0334,Decelerate,DeceleratingHS,Right,first30,0.578041073,0.567666667,32.296933,-20.07223008,0.180568338,-0.124731474,0.022858673,-0.035712931,0.731697561
GR0335,Decelerate,DeceleratingHS,Right,first30,0.564184568,0.556,29.3399603,-17.20876451,0.218866204,-0.124911746,0.025051203,-0.029765792,0.656028567
GR0336,Decelerate,DeceleratingHS,Right,first30,0.641155788,0.557,27.85256549,-21.15639961,0.173559883,-0.162043516,0.023019217,-0.029488556,0.724469817
MLR049,Decelerate,DeceleratingHS,Right,first30,0.567155998,0.604,31.37711993,-18.95341222,0.202063606,-0.194880819,0.042686506,-0.0318292,0.641579183
MLR050,Decelerate,DeceleratingHS,Right,first30,0.542294853,0.643333333,26.54129972,-25.08477574,0.216740998,-0.099252297,0.037162768,-0.026826035,0.607953871
GR0326,Fast,FastHS,Right,first30,0.80545434,0.608,35.89779432,-16.45611742,0.160286898,-0.240186836,0.039770561,-0.043989671,0.98226139
GR0327,Fast,FastHS,Right,first30,0.545131538,0.487666667,22.71602937,-14.18357471,0.132302784,-0.183514743,0.018546857,-0.02010569,0.681414423
GR0328,Fast,FastHS,Right,first30,0.559184856,0.481333333,26.91378311,-7.362131166,0.079080639,-0.230711583,0.009792193,-0.027577836,0.69898107
GR0329,Fast,FastHS,Right,first30,0.661624194,0.594333333,32.88721635,-18.90622813,0.144725523,-0.291067102,0.036502944,-0.042920175,0.797137583
GR0330,Fast,FastHS,Right,first30,0.559799859,0.595333333,29.1249473,-18.39635202,0.186430362,-0.14801864,0.046374789,-0.019019604,0.608478108
GR0331,Fast,FastHS,Right,first30,0.615490753,0.550666667,31.16578509,-15.66562002,0.10816137,-0.120441028,0.023484369,-0.020800972,0.691562644
GR0334,Fast,FastHS,Right,first30,0.584436212,0.572666667,33.43293937,-14.94489456,0.15871107,-0.198237551,0.030293269,-0.026662766,0.739792673
GR0335,Fast,FastHS,Right,first30,0.598448321,0.561,31.65671654,-12.36380618,0.132027507,-0.180554277,0.02919712,-0.018871562,0.695870141
GR0336,Fast,FastHS,Right,first30,0.628499766,0.533333333,26.39472083,-16.06216175,0.132645423,-0.212531711,0.034427242,-0.021976611,0.710169227
MLR049,Fast,FastHS,Right,first30,0.576349912,0.673666667,32.35697187,-22.9866925,0.229023191,-0.154258127,0.047280163,-0.030748951,0.651979538
MLR050,Fast,FastHS,Right,first30,0.662607908,0.572666667,28.52079067,-15.70548721,0.127872101,-0.201364411,0.033818392,-0.031606411,0.742833978
GR0326,Open Loop - Post,OpenLoopPost,Right,first30,0.625917786,0.567,34.73165442,-16.96360202,0.219332253,-0.149231416,0.041776593,-0.030406139,0.763314373
GR0327,Open Loop - Post,OpenLoopPost,Right,first30,0.525588631,0.500666667,24.71324499,-17.56751308,0.172913678,-0.177282821,0.028164312,-0.024527076,0.656985789
GR0328,Open Loop - Post,OpenLoopPost,Right,first30,0.472358209,0.467333333,25.0484758,-17.46455089,0.182802154,-0.207413491,0.024720295,-0.031602799,0.590447761
GR0329,Open Loop - Post,OpenLoopPost,Right,first30,0.581468199,0.569333333,30.40171859,-20.78388456,0.191143416,-0.213363392,0.030838082,-0.043717738,0.700564095
GR0330,Open Loop - Post,OpenLoopPost,Right,first30,0.624518651,0.579,27.15420295,-16.75944899,0.200203434,-0.174930176,0.024826843,-0.035206312,0.678824621
GR0331,Open Loop - Post,OpenLoopPost,Right,first30,0.58316055,0.557666667,29.38775216,-16.09226013,0.109252458,-0.09087027,0.023415462,-0.018258022,0.655236573
GR0334,Open Loop - Post,OpenLoopPost,Right,first30,0.522639142,0.566666667,33.23424566,-23.40534652,0.242557509,-0.157147145,0.038886113,-0.033364303,0.661568534
GR0335,Open Loop - Post,OpenLoopPost,Right,first30,0.51688194,0.540333333,28.95017122,-20.02317266,0.242142425,-0.139583578,0.032407791,-0.026112459,0.601025512
GR0336,Open Loop - Post,OpenLoopPost,Right,first30,0.624277855,0.522666667,28.17011378,-16.75904128,0.160580667,-0.221529536,0.038565763,-0.026424397,0.705398706
MLR049,Open Loop - Post,OpenLoopPost,Right,first30,0.584433022,0.656666667,32.43323538,-21.45245141,0.205077025,-0.185151325,0.050458326,-0.029513488,0.661123328
MLR050,Open Loop - Post,OpenLoopPost,Right,first30,0.626555275,0.549666667,30.35058916,-17.20268423,0.166915739,-0.222528697,0.037780251,-0.036643446,0.702416228
GR0326,Open Loop - Pre,OpenLoopPre,Right,first30,0.587118201,0.582,32.90115393,-20.21732833,0.175316143,-0.130618304,0.030739471,-0.024413961,0.715997806
GR0327,Open Loop - Pre,OpenLoopPre,Right,first30,0.423267135,0.505333333,20.38748062,-24.51305985,0.188676974,-0.143672608,0.037886554,-0.016163812,0.529083919
GR0328,Open Loop - Pre,OpenLoopPre,Right,first30,0.526561063,0.531666667,27.25455142,-19.02381024,0.179585628,-0.208390341,0.027647462,-0.039719514,0.658201329
GR0329,Open Loop - Pre,OpenLoopPre,Right,first30,0.564331267,0.599,31.42920474,-21.66823163,0.184618266,-0.202542766,0.030213296,-0.040314629,0.679917189
GR0330,Open Loop - Pre,OpenLoopPre,Right,first30,0.632460877,0.566666667,28.77599176,-16.16957568,0.153497688,-0.203999873,0.033805147,-0.030481825,0.687457475
GR0331,Open Loop - Pre,OpenLoopPre,Right,first30,0.588758972,0.601666667,32.81405298,-21.03225519,0.160100691,-0.084947881,0.036626587,-0.015350459,0.661526935
GR0334,Open Loop - Pre,OpenLoopPre,Right,first30,0.470716616,0.585,34.1685903,-23.57546647,0.251048576,-0.154568675,0.044045776,-0.023989907,0.595843818
GR0335,Open Loop - Pre,OpenLoopPre,Right,first30,0.537444679,0.575666667,30.45215066,-21.31948528,0.215808559,-0.162575609,0.03293378,-0.026681484,0.624935673
GR0336,Open Loop - Pre,OpenLoopPre,Right,first30,0,0,0,0,0,0,0,0,0
MLR049,Open Loop - Pre,OpenLoopPre,Right,first30,0.611601964,0.702333333,39.01688968,-21.58497197,0.207168339,-0.176432107,0.052974616,-0.029983573,0.691857425
MLR050,Open Loop - Pre,OpenLoopPre,Right,first30,0.582772694,0.567,27.08672737,-17.94891191,0.153312631,-0.17409589,0.032833602,-0.026309305,0.653332617
GR0326,Slow,SlowHS,Right,first30,0.576828723,0.652333333,33.86972771,-25.4265568,0.219332253,-0.149231416,0.041776593,-0.030406139,0.703449662
GR0327,Slow,SlowHS,Right,first30,0.424043744,0.508,24.43874446,-23.4489726,0.185007838,-0.148607512,0.026395722,-0.021780994,0.53005468
GR0328,Slow,SlowHS,Right,first30,0.37906321,0.466333333,24.74573191,-20.3482044,0.21208194,-0.180894643,0.027152416,-0.024944644,0.473829013
GR0329,Slow,SlowHS,Right,first30,0.58280148,0.634666667,30.26023584,-22.6122728,0.21208194,-0.180894643,0.027152416,-0.024944644,0.702170458
GR0330,Slow,SlowHS,Right,first30,0.503168648,0.605333333,27.10934498,-24.81206206,0.260711856,-0.115727059,0.043636328,-0.023075827,0.546922443
GR0331,Slow,SlowHS,Right,first30,0.509457367,0.580333333,35.24856084,-22.9517822,0.215059101,-0.111488016,0.035838325,-0.022840808,0.572424008
GR0334,Slow,SlowHS,Right,first30,0.468244462,0.591333333,33.49467823,-26.07206531,0.235306864,-0.112121247,0.040409382,-0.02284868,0.592714509
GR0335,Slow,SlowHS,Right,first30,0.49802861,0.554333333,34.20463249,-20.36642844,0.257676649,-0.154091315,0.037335727,-0.024249994,0.579103035
GR0336,Slow,SlowHS,Right,first30,0.525987342,0.544333333,27.77439909,-26.86256067,0.21269266,-0.188631594,0.035568643,-0.03354365,0.59433598
MLR049,Slow,SlowHS,Right,first30,0.57358713,0.633333333,30.86853662,-20.40395525,0.203889252,-0.183743675,0.042875946,-0.030860654,0.648854219
MLR050,Slow,SlowHS,Right,first30,0.525579084,0.594,27.28468379,-25.06549674,0.211870212,-0.110905434,0.037645074,-0.022143333,0.58921422
GR0326,Accelerate,AcceleratingHS,Left,last30,0.575912193,0.634,30.90618241,-23.28208024,0.126047485,-0.099274976,0.022424646,-0.02363345,0.702331943
GR0327,Accelerate,AcceleratingHS,Left,last30,0.457294917,0.489333333,24.75296846,-19.12776868,0.194348716,-0.120532973,0.021469798,-0.02001602,0.571618646
GR0328,Accelerate,AcceleratingHS,Left,last30,0.452124007,0.471,21.4494769,-16.86542146,0.205636288,-0.114890913,0.021298597,-0.020083154,0.565155009
GR0329,Accelerate,AcceleratingHS,Left,last30,0.62656283,0.647666667,30.96286067,-21.27766141,0.177020711,-0.174570243,0.041621476,-0.027183892,0.754894976
GR0330,Accelerate,AcceleratingHS,Left,last30,0.629668279,0.630333333,29.57329568,-12.85906985,0.105346373,-0.137190437,0.014563985,-0.028019223,0.684422042
GR0331,Accelerate,AcceleratingHS,Left,last30,0.569670614,0.567666667,25.95897095,-16.99878963,0.093351358,-0.054880219,0.023066883,-0.009606464,0.640079342
GR0334,Accelerate,AcceleratingHS,Left,last30,0.579376485,0.57,29.96658603,-18.85561263,0.144154915,-0.118063413,0.01833919,-0.021639411,0.733387956
GR0335,Accelerate,AcceleratingHS,Left,last30,0.491745682,0.533,29.48455767,-19.45277828,0.208972707,-0.175880924,0.026646297,-0.036558918,0.571797305
GR0336,Accelerate,AcceleratingHS,Left,last30,0.537887884,0.553333333,25.3976763,-22.92838154,0.198020664,-0.156340816,0.026475431,-0.027684485,0.60778292
MLR049,Accelerate,AcceleratingHS,Left,last30,0.676136665,0.692,28.81635261,-23.57425343,0.192264185,-0.193372577,0.039014724,-0.039642017,0.764860481
MLR050,Accelerate,AcceleratingHS,Left,last30,0.482053546,0.557333333,27.35474088,-24.03186931,0.214468806,-0.116156841,0.034264311,-0.02600189,0.540418774
GR0326,Baseline075,Baseline075,Left,last30,0.430559332,0.63,28.03001911,-11.91413522,0.066813098,-0.095765507,0.01667766,-0.024864114,0.525072356
GR0327,Baseline075,Baseline075,Left,last30,0.406342518,0.603333333,24.30561194,-12.24978899,0.103195689,-0.092581288,0.020129588,-0.023424436,0.507928148
GR0328,Baseline075,Baseline075,Left,last30,0.455649122,0.691666667,27.32721931,-15.14668215,0.11625031,-0.098153746,0.030744896,-0.023781242,0.569561403
GR0329,Baseline075,Baseline075,Left,last30,0.489058805,0.785,29.58156944,-19.92225794,0.14954039,-0.126535158,0.043101453,-0.031056472,0.589227476
GR0330,Baseline075,Baseline075,Left,last30,0.429083977,0.683666667,24.96443398,-12.44932947,0.112151753,-0.108913117,0.026396062,-0.023444844,0.466395627
GR0331,Baseline075,Baseline075,Left,last30,0.435375523,0.634666667,26.34649106,-12.5416851,0.077057403,-0.056405964,0.018069142,-0.015461014,0.489185981
GR0334,Baseline075,Baseline075,Left,last30,0.451695405,0.665666667,29.07950543,-15.65886276,0.100788313,-0.085535698,0.022695662,-0.023267265,0.571766335
GR0335,Baseline075,Baseline075,Left,last30,0.411970774,0.616,25.56828772,-14.76424191,0.112625347,-0.121622415,0.023114779,-0.025356675,0.479035784
GR0336,Baseline075,Baseline075,Left,last30,0.419452802,0.605333333,23.6846808,-14.73599128,0.119529184,-0.114220913,0.024685925,-0.021076342,0.473957968
MLR049,Baseline075,Baseline075,Left,last30,0.479442852,0.684333333,28.33657962,-13.85074648,0.084288176,-0.088780845,0.023682481,-0.022060782,0.542356167
MLR050,Baseline075,Baseline075,Left,last30,0.433393093,0.662,24.7747165,-15.62239874,0.114946433,-0.080507604,0.029235515,-0.016681862,0.485866696
GR0326,Baseline1125,Baseline1125,Left,last30,0.572282565,0.578666667,31.63537731,-19.50626681,0.145987141,-0.157873232,0.027992863,-0.033783009,0.697905567
GR0327,Baseline1125,Baseline1125,Left,last30,0.522518736,0.518666667,25.55056723,-19.07971149,0.187254007,-0.130497844,0.023514304,-0.03161052,0.65314842
GR0328,Baseline1125,Baseline1125,Left,last30,0.552997692,0.556333333,27.74521847,-20.68087091,0.200619392,-0.165921076,0.030774457,-0.026107207,0.691247115
GR0329,Baseline1125,Baseline1125,Left,last30,0.597382195,0.626,32.52627667,-23.4793858,0.220013515,-0.197186326,0.045774303,-0.034436235,0.719737584
GR0330,Baseline1125,Baseline1125,Left,last30,0.562354503,0.595333333,29.22717692,-17.45244627,0.185059439,-0.160724959,0.030105839,-0.028124007,0.611254895
GR0331,Baseline1125,Baseline1125,Left,last30,0.540824401,0.550333333,28.59161621,-18.57814936,0.14243818,-0.101941721,0.025083697,-0.022933805,0.607667866
GR0334,Baseline1125,Baseline1125,Left,last30,0.53346412,0.529333333,31.60173292,-18.94562212,0.159412954,-0.144321382,0.0274313,-0.023815838,0.675271038
GR0335,Baseline1125,Baseline1125,Left,last30,0.516235487,0.538666667,29.16205423,-20.21180347,0.203881045,-0.195816783,0.032214228,-0.032192198,0.600273822
GR0336,Baseline1125,Baseline1125,Left,last30,0.5469695,0.55,28.41977003,-20.38205935,0.179687082,-0.190584634,0.032011827,-0.029439625,0.618044633
MLR049,Baseline1125,Baseline1125,Left,last30,0.615936295,0.6,31.70757387,-19.90491652,0.163028523,-0.187406312,0.033875746,-0.037285753,0.696760515
MLR050,Baseline1125,Baseline1125,Left,last30,0.558780265,0.577,28.86514662,-19.58007711,0.179860375,-0.127172212,0.032171507,-0.022495631,0.626435275
GR0326,Baseline150,Baseline150,Left,last30,0.697474191,0.532666667,34.68513804,-24.10084378,0.205835555,-0.216181712,0.032586846,-0.039778079,0.850578282
GR0327,Baseline150,Baseline150,Left,last30,0.648923838,0.493666667,32.70508217,-22.81884248,0.221780319,-0.189782136,0.02649108,-0.027288714,0.811154798
GR0328,Baseline150,Baseline150,Left,last30,0.674211707,0.506666667,31.22450844,-25.07742775,0.284453222,-0.258903872,0.039032731,-0.038246344,0.842764634
GR0329,Baseline150,Baseline150,Left,last30,0.65959895,0.516666667,32.38170567,-25.23196693,0.288730176,-0.27260341,0.0447597,-0.035161304,0.79469753
GR0330,Baseline150,Baseline150,Left,last30,0.670765022,0.537,31.94594881,-21.81091689,0.271905351,-0.255532292,0.038985279,-0.036580908,0.729092415
GR0331,Baseline150,Baseline150,Left,last30,0.646227648,0.499,31.2276281,-22.74073392,0.223126689,-0.17209881,0.032190344,-0.029541429,0.726098481
GR0334,Baseline150,Baseline150,Left,last30,0.647019918,0.494666667,34.83895734,-24.37390329,0.245538906,-0.233075602,0.034097703,-0.03151823,0.819012554
GR0335,Baseline150,Baseline150,Left,last30,0.627821688,0.498,33.18895559,-23.80339437,0.280146772,-0.286230489,0.038339749,-0.03688828,0.730025219
GR0336,Baseline150,Baseline150,Left,last30,0.655521882,0.499666667,31.1664274,-25.35478738,0.270096405,-0.291725094,0.041015362,-0.037875044,0.740702692
MLR049,Baseline150,Baseline150,Left,last30,0.689063706,0.524333333,33.26852095,-23.06989831,0.211514812,-0.233078872,0.034250061,-0.033962408,0.77948383
MLR050,Baseline150,Baseline150,Left,last30,0.669148128,0.512,31.41447151,-24.10152684,0.258575222,-0.20946692,0.036096912,-0.032378287,0.750166063
GR0326,Decelerate,DeceleratingHS,Left,last30,0.556119757,0.571666667,34.17632382,-20.86274423,0.221751931,-0.228148842,0.046627199,-0.043398963,0.678194826
GR0327,Decelerate,DeceleratingHS,Left,last30,0.497470708,0.485666667,30.10677922,-14.26610659,0.156884323,-0.16108915,0.033041956,-0.018924491,0.621838385
GR0328,Decelerate,DeceleratingHS,Left,last30,0.499811656,0.471333333,26.66614564,-12.72167265,0.146848226,-0.208070894,0.032197639,-0.017929189,0.62476457
GR0329,Decelerate,DeceleratingHS,Left,last30,0.557926227,0.590333333,33.19442872,-23.19488467,0.279597959,-0.268514755,0.062801356,-0.044143327,0.672200273
GR0330,Decelerate,DeceleratingHS,Left,last30,0.599581757,0.583333333,32.29758461,-15.34017119,0.163755336,-0.226659294,0.038219595,-0.036584709,0.651719301
GR0331,Decelerate,DeceleratingHS,Left,last30,0.562346742,0.505,28.96345892,-16.39190775,0.141021291,-0.145286653,0.037643679,-0.026144134,0.631850272
GR0334,Decelerate,DeceleratingHS,Left,last30,0.510897882,0.539333333,34.27679246,-21.17052566,0.23999909,-0.138085568,0.045054745,-0.020622657,0.64670618
GR0335,Decelerate,DeceleratingHS,Left,last30,0.531060507,0.52,29.82389287,-16.49490424,0.188459961,-0.19885987,0.038675841,-0.025494677,0.617512217
GR0336,Decelerate,DeceleratingHS,Left,last30,0.552744874,0.547,29.58809115,-20.21021925,0.204681502,-0.191826769,0.05362571,-0.025091079,0.624570479
MLR049,Decelerate,DeceleratingHS,Left,last30,0.632146998,0.630666667,34.13349533,-26.76595196,0.234275317,-0.267010694,0.044558393,-0.050929285,0.715098414
MLR050,Decelerate,DeceleratingHS,Left,last30,0.536001567,0.574666667,28.04360787,-23.32095665,0.20164596,-0.126663869,0.031621722,-0.028929857,0.600898618
GR0326,Fast,FastHS,Left,last30,0.541833488,0.615333333,32.78531556,-23.58721095,0.21998426,-0.173227127,0.039197205,-0.043228364,0.660772546
GR0327,Fast,FastHS,Left,last30,0.454052462,0.479,27.93300608,-20.94390759,0.222939532,-0.186288136,0.030477599,-0.026947869,0.567565578
GR0328,Fast,FastHS,Left,last30,0.402865194,0.452666667,24.34023819,-21.31389477,0.235044692,-0.165845038,0.030909231,-0.024457284,0.503581493
GR0329,Fast,FastHS,Left,last30,0.531637828,0.647333333,31.4692036,-27.25714924,0.268122955,-0.191790595,0.045618976,-0.041764015,0.640527504
GR0330,Fast,FastHS,Left,last30,0.470801832,0.585333333,28.26936818,-23.45249659,0.265096878,-0.203396892,0.045734167,-0.038748307,0.511741122
GR0331,Fast,FastHS,Left,last30,0.508505736,0.546,32.01172486,-22.76154771,0.211711274,-0.131669252,0.031582748,-0.032495596,0.57135476
GR0334,Fast,FastHS,Left,last30,0.527909886,0.556333333,33.1636987,-23.71602301,0.22379494,-0.173876609,0.029936307,-0.04246201,0.668240362
GR0335,Fast,FastHS,Left,last30,0.46309805,0.499333333,30.62252648,-20.2303998,0.244059364,-0.241594364,0.038287071,-0.034751817,0.538486105
GR0336,Fast,FastHS,Left,last30,0.493909245,0.520333333,27.20870584,-26.57328355,0.261603193,-0.214141066,0.04402267,-0.033284254,0.558089542
MLR049,Fast,FastHS,Left,last30,0.63789847,0.643333333,30.68095972,-20.87855221,0.151671101,-0.155535642,0.034518205,-0.026296275,0.721604604
MLR050,Fast,FastHS,Left,last30,0.510710261,0.528666667,28.74538016,-22.3453523,0.231314555,-0.154079534,0.041816597,-0.024290118,0.572545136
GR0326,Open Loop - Post,OpenLoopPost,Left,last30,0.578809279,0.622,31.83185557,-22.04025414,0.091857947,-0.171190325,0.0251358,-0.030422994,0.705864974
GR0327,Open Loop - Post,OpenLoopPost,Left,last30,0.535483023,0.518666667,29.11250684,-15.79827969,0.122085099,-0.163353453,0.019144518,-0.023756627,0.669353779
GR0328,Open Loop - Post,OpenLoopPost,Left,last30,0.582607044,0.626,31.0988367,-22.95722574,0.243070961,-0.187278448,0.044875551,-0.032995644,0.728258805
GR0329,Open Loop - Post,OpenLoopPost,Left,last30,0.556065732,0.583,30.13219325,-21.39147023,0.206672201,-0.177324219,0.039736012,-0.031392727,0.669958713
GR0330,Open Loop - Post,OpenLoopPost,Left,last30,0.636946284,0.601,31.98339156,-11.34556576,0.09240845,-0.205404771,0.023568853,-0.027007835,0.692332917
GR0331,Open Loop - Post,OpenLoopPost,Left,last30,0.515037167,0.534666667,33.5881926,-22.57932769,0.172917743,-0.108880411,0.030600267,-0.019220289,0.578693446
GR0334,Open Loop - Post,OpenLoopPost,Left,last30,0.577660813,0.587333333,33.56182896,-21.90815018,0.190009594,-0.168771311,0.0331109,-0.034950929,0.731216219
GR0335,Open Loop - Post,OpenLoopPost,Left,last30,0.525257669,0.556333333,30.52555163,-20.3327187,0.212835476,-0.203790495,0.035404927,-0.034448794,0.610764731
GR0336,Open Loop - Post,OpenLoopPost,Left,last30,0.504378217,0.558666667,28.74484914,-25.48969671,0.252865814,-0.185947925,0.043721064,-0.031768147,0.569918889
MLR049,Open Loop - Post,OpenLoopPost,Left,last30,0.689464551,0.659333333,31.52243459,-21.53047922,0.131891015,-0.16955438,0.032615295,-0.032339825,0.779937275
MLR050,Open Loop - Post,OpenLoopPost,Left,last30,0.549123505,0.609333333,26.7238545,-20.75735311,0.196916029,-0.111998404,0.027776184,-0.025774396,0.615609311
GR0326,Open Loop - Pre,OpenLoopPre,Left,last30,0.571572379,0.599666667,31.72543627,-20.02560882,0.165909059,-0.185896159,0.031333474,-0.032056523,0.697039487
GR0327,Open Loop - Pre,OpenLoopPre,Left,last30,0.488571065,0.501333333,26.51950441,-20.53106541,0.186506868,-0.145528816,0.0256241,-0.022438011,0.610713831
GR0328,Open Loop - Pre,OpenLoopPre,Left,last30,0.539410571,0.599,29.8266328,-22.50503311,0.231485525,-0.18294701,0.041883912,-0.026704337,0.674263214
GR0329,Open Loop - Pre,OpenLoopPre,Left,last30,0.565718728,0.645,29.52267166,-26.55651386,0.241676923,-0.163942774,0.041215831,-0.038634985,0.681588829
GR0330,Open Loop - Pre,OpenLoopPre,Left,last30,0.536162504,0.612,28.94407573,-21.6799833,0.226527081,-0.149574091,0.036043595,-0.029946691,0.58278533
GR0331,Open Loop - Pre,OpenLoopPre,Left,last30,0.590013185,0.578333333,29.67306682,-19.11398041,0.160395105,-0.106441736,0.031300663,-0.028525854,0.662936163
GR0334,Open Loop - Pre,OpenLoopPre,Left,last30,0.589942248,0.575333333,29.54776323,-18.24038171,0.089669382,-0.135957286,0.016869719,-0.026974652,0.746762339
GR0335,Open Loop - Pre,OpenLoopPre,Left,last30,0.532018287,0.574,30.6342128,-21.25196547,0.229491451,-0.188268595,0.036462123,-0.03281099,0.618625915
GR0336,Open Loop - Pre,OpenLoopPre,Left,last30,0,0,0,0,0,0,0,0,0
MLR049,Open Loop - Pre,OpenLoopPre,Left,last30,0.657236538,1.935333333,30.19316627,-21.22018932,0.19043281,-0.212401659,0.035183398,-0.047567734,0.743480247
MLR050,Open Loop - Pre,OpenLoopPre,Left,last30,0.555550808,0.628333333,29.39468281,-23.23160892,0.214604944,-0.110896206,0.036449049,-0.025910929,0.622814807
GR0326,Slow,SlowHS,Left,last30,0.6472019,0.608333333,33.03351994,-17.14582174,0.091857947,-0.171190325,0.0251358,-0.030422994,0.78927061
GR0327,Slow,SlowHS,Left,last30,0.530764861,0.506333333,25.35230072,-11.57132139,0.045228119,-0.075410886,0.009351772,-0.013287776,0.663456076
GR0328,Slow,SlowHS,Left,last30,0.529363511,0.494,24.24418855,-11.22742851,0.1124232,-0.113062026,0.013880437,-0.016933463,0.661704389
GR0329,Slow,SlowHS,Left,last30,0.509910745,0.614333333,31.8884826,-25.45932629,0.1124232,-0.113062026,0.013880437,-0.016933463,0.614350295
GR0330,Slow,SlowHS,Left,last30,0.627433691,0.584333333,30.49359677,-12.40891276,0.121157538,-0.203915498,0.029720445,-0.026389105,0.681993142
GR0331,Slow,SlowHS,Left,last30,0.558788854,0.528666667,29.80911654,-17.02043912,0.131353548,-0.131990431,0.032666867,-0.025398782,0.627852645
GR0334,Slow,SlowHS,Left,last30,0.571873439,0.547333333,31.46017778,-15.95606255,0.140180489,-0.105745121,0.037823475,-0.011283335,0.723890429
GR0335,Slow,SlowHS,Left,last30,0.563272492,0.547666667,27.38785827,-14.95213085,0.117287702,-0.14458642,0.016834897,-0.02152882,0.654968014
GR0336,Slow,SlowHS,Left,last30,0.571703068,0.567666667,27.10128019,-17.62010853,0.148963617,-0.169077647,0.041691223,-0.016575177,0.645992167
MLR049,Slow,SlowHS,Left,last30,0.705457639,0.688333333,29.77401439,-20.55100137,0.134457081,-0.175405415,0.037285653,-0.028773078,0.798029003
MLR050,Slow,SlowHS,Left,last30,0.593135501,0.576,29.10296312,-15.13616439,0.136996698,-0.164124713,0.03587503,-0.024820975,0.664950113
GR0326,Accelerate,AcceleratingHS,Right,last30,0.636251787,0.571666667,36.68165715,-18.65355035,0.222940914,-0.156046999,0.059330385,-0.023913276,0.775916813
GR0327,Accelerate,AcceleratingHS,Right,last30,0.528435681,0.496333333,26.57611967,-14.73243913,0.144474453,-0.200685897,0.030720582,-0.023411211,0.660544601
GR0328,Accelerate,AcceleratingHS,Right,last30,0.481603811,0.469666667,27.11201772,-14.17625442,0.171617026,-0.188596942,0.027727683,-0.026633653,0.602004764
GR0329,Accelerate,AcceleratingHS,Right,last30,0.562286294,0.619666667,33.67738516,-25.02683923,0.246585143,-0.253898036,0.039235458,-0.048587833,0.677453366
GR0330,Accelerate,AcceleratingHS,Right,last30,0.510348192,0.551333333,29.30879642,-23.86917974,0.263986917,-0.204119396,0.048071912,-0.026315601,0.554726296
GR0331,Accelerate,AcceleratingHS,Right,last30,0.516258666,0.531666667,34.30471135,-21.15795114,0.227268376,-0.172395512,0.037900976,-0.035710726,0.580065917
GR0334,Accelerate,AcceleratingHS,Right,last30,0.505176642,0.550333333,34.90748796,-22.21227866,0.288344584,-0.230491616,0.054134426,-0.039980733,0.639464104
GR0335,Accelerate,AcceleratingHS,Right,last30,0.577615654,0.54,30.26949725,-13.91412135,0.160552213,-0.171290924,0.035880582,-0.020100026,0.671646109
GR0336,Accelerate,AcceleratingHS,Right,last30,0.58318898,0.546333333,31.88450615,-19.40841257,0.204131307,-0.227011088,0.052335779,-0.029035794,0.658970599
MLR049,Accelerate,AcceleratingHS,Right,last30,0.608586621,0.67,38.54745526,-23.86335667,0.264822955,-0.254259616,0.054760128,-0.036958427,0.688446404
MLR050,Accelerate,AcceleratingHS,Right,last30,0.670839933,0.603,30.42854946,-15.81006649,0.127293723,-0.189147515,0.036726575,-0.031617802,0.752062705
GR0326,Baseline075,Baseline075,Right,last30,0.424130708,0.636,28.71772419,-11.97082746,0.107239096,-0.092851956,0.03465024,-0.018240623,0.517232571
GR0327,Baseline075,Baseline075,Right,last30,0.411034608,0.584,22.50545892,-13.30569787,0.089898174,-0.082058603,0.023084397,-0.012191147,0.51379326
GR0328,Baseline075,Baseline075,Right,last30,0.43629538,0.664,26.98736356,-14.18180998,0.102041772,-0.114241196,0.026098138,-0.026501904,0.545369225
GR0329,Baseline075,Baseline075,Right,last30,0.532576028,0.811333333,32.47982902,-17.4869638,0.13457831,-0.146138326,0.031517307,-0.041046917,0.641657865
GR0330,Baseline075,Baseline075,Right,last30,0.469091407,0.675666667,24.48595617,-13.00070419,0.113527517,-0.106044395,0.027172258,-0.02339705,0.509881964
GR0331,Baseline075,Baseline075,Right,last30,0.429925711,0.635333333,27.95814029,-11.266048,0.106650313,-0.080244555,0.027113301,-0.023096567,0.483062597
GR0334,Baseline075,Baseline075,Right,last30,0.435013381,0.713666667,30.42996507,-15.89963508,0.135253482,-0.11093133,0.035636132,-0.030471398,0.550649849
GR0335,Baseline075,Baseline075,Right,last30,0.423850603,0.646,26.33436071,-14.4809956,0.140003908,-0.102970733,0.030683536,-0.020381599,0.492849538
GR0336,Baseline075,Baseline075,Right,last30,0.427894261,0.614666667,24.19122687,-14.8407391,0.120898312,-0.107080427,0.026369159,-0.018857515,0.48349634
MLR049,Baseline075,Baseline075,Right,last30,0.452459751,0.724,29.20190482,-13.56635175,0.126628726,-0.087676744,0.036329539,-0.02495786,0.511832298
MLR050,Baseline075,Baseline075,Right,last30,0.4749994,0.677333333,24.42826493,-15.22903484,0.097358723,-0.107595396,0.022897944,-0.023694228,0.532510538
GR0326,Baseline1125,Baseline1125,Right,last30,0.572621024,0.571333333,32.15675081,-18.6230224,0.171678563,-0.136086454,0.037438574,-0.024009637,0.698318322
GR0327,Baseline1125,Baseline1125,Right,last30,0.503090258,0.519333333,22.8738929,-20.6788021,0.155293963,-0.100027117,0.027461227,-0.01310011,0.628862823
GR0328,Baseline1125,Baseline1125,Right,last30,0.534111942,0.553666667,27.14197628,-19.82229847,0.188981567,-0.167327379,0.030581644,-0.029101056,0.667639928
GR0329,Baseline1125,Baseline1125,Right,last30,0.61344487,0.627666667,34.10187369,-22.18713508,0.192636035,-0.217457238,0.033742535,-0.042024922,0.739090205
GR0330,Baseline1125,Baseline1125,Right,last30,0.598571639,0.593333333,28.71825711,-18.56053866,0.21165575,-0.168900216,0.033495479,-0.028695838,0.650621347
GR0331,Baseline1125,Baseline1125,Right,last30,0.554112975,0.55,30.66272304,-17.73256158,0.168491299,-0.136043108,0.033610607,-0.030028477,0.622598848
GR0334,Baseline1125,Baseline1125,Right,last30,0.514717592,0.552333333,32.60159702,-19.38230841,0.181842649,-0.168721631,0.032322601,-0.031014311,0.651541256
GR0335,Baseline1125,Baseline1125,Right,last30,0.554170156,0.547666667,30.08191261,-19.29933923,0.212957956,-0.177646085,0.034232997,-0.02857089,0.644383902
GR0336,Baseline1125,Baseline1125,Right,last30,0.557041514,0.544,28.81139634,-20.14341492,0.191842462,-0.192966896,0.034432383,-0.028325303,0.62942544
MLR049,Baseline1125,Baseline1125,Right,last30,0.584799196,0.633333333,32.1634488,-20.81326684,0.183686485,-0.162013639,0.043434801,-0.030278993,0.661537552
MLR050,Baseline1125,Baseline1125,Right,last30,0.587377542,0.582,28.77854609,-19.34806463,0.160453138,-0.155173934,0.028886392,-0.028797588,0.658495002
GR0326,Baseline150,Baseline150,Right,last30,0.691063804,0.523666667,35.00874239,-24.09717592,0.248710088,-0.198522071,0.043456094,-0.029478038,0.842760737
GR0327,Baseline150,Baseline150,Right,last30,0.630571782,0.495,29.8920711,-24.29932399,0.211118764,-0.186460321,0.030574245,-0.02129199,0.788214728
GR0328,Baseline150,Baseline150,Right,last30,0.647503126,0.511,30.83043042,-24.70006281,0.292742881,-0.260303629,0.042152098,-0.03768515,0.809378908
GR0329,Baseline150,Baseline150,Right,last30,0.679757759,0.514,33.46647459,-23.73685314,0.268373913,-0.289846945,0.035522048,-0.042336634,0.818985252
GR0330,Baseline150,Baseline150,Right,last30,0.696398405,0.528,31.60433896,-23.1496596,0.252739387,-0.244704308,0.035862025,-0.033201044,0.756954788
GR0331,Baseline150,Baseline150,Right,last30,0.656050436,0.502333333,33.42935256,-21.74988524,0.231559397,-0.200348647,0.036359517,-0.033122201,0.737135321
GR0334,Baseline150,Baseline150,Right,last30,0.630195355,0.503666667,35.56966126,-24.85309712,0.279865605,-0.241465422,0.040044925,-0.036545582,0.797715639
GR0335,Baseline150,Baseline150,Right,last30,0.660749643,0.496,33.59774592,-22.59691887,0.274231787,-0.258642185,0.038320456,-0.034956544,0.768313538
GR0336,Baseline150,Baseline150,Right,last30,0.669400491,0.491666667,31.81499678,-24.78956685,0.265667842,-0.279259753,0.039467329,-0.035087084,0.756384736
MLR049,Baseline150,Baseline150,Right,last30,0.677075144,0.540666667,34.45016588,-23.02778399,0.239697303,-0.233434415,0.044436385,-0.035634296,0.765922109
MLR050,Baseline150,Baseline150,Right,last30,0.688367811,0.521333333,31.5065746,-24.29402307,0.235775955,-0.196884136,0.036004487,-0.030630476,0.771712793
GR0326,Decelerate,DeceleratingHS,Right,last30,0.635625592,0.634666667,31.35994175,-19.63400229,0.180949745,-0.13007269,0.033385801,-0.026777688,0.775153161
GR0327,Decelerate,DeceleratingHS,Right,last30,0.494882335,0.498666667,23.20798923,-18.74314429,0.174198039,-0.15303476,0.018555222,-0.024560658,0.618602919
GR0328,Decelerate,DeceleratingHS,Right,last30,0.435119236,0.468666667,23.4151732,-17.09378792,0.163601512,-0.154541853,0.01838988,-0.031290654,0.543899045
GR0329,Decelerate,DeceleratingHS,Right,last30,0.651268568,0.670666667,31.16635856,-22.90674832,0.192665962,-0.151798223,0.023497432,-0.037369147,0.784660925
GR0330,Decelerate,DeceleratingHS,Right,last30,0.568217296,0.615333333,25.79924043,-22.52702315,0.246181916,-0.140012819,0.032772347,-0.026092424,0.617627496
GR0331,Decelerate,DeceleratingHS,Right,last30,0.542318479,0.59,30.29990737,-19.10243342,0.184382407,-0.095632077,0.027909433,-0.026252079,0.609346606
GR0334,Decelerate,DeceleratingHS,Right,last30,0.567162237,0.581666667,31.78594838,-19.609384,0.159790252,-0.124879861,0.021650431,-0.032421217,0.717926882
GR0335,Decelerate,DeceleratingHS,Right,last30,0.538139543,0.554333333,28.12412833,-19.42188305,0.229623308,-0.127097486,0.028249766,-0.030497948,0.625743655
GR0336,Decelerate,DeceleratingHS,Right,last30,0.564830791,0.553333333,27.09743742,-22.4571927,0.20125493,-0.151732045,0.026751257,-0.03023338,0.638226882
MLR049,Decelerate,DeceleratingHS,Right,last30,0.684599093,0.719,32.11213362,-23.21718592,0.173683814,-0.14587434,0.051039869,-0.026300729,0.774433363
MLR050,Decelerate,DeceleratingHS,Right,last30,0.612233476,0.586666667,27.14432168,-18.06242878,0.165015638,-0.173236755,0.039707307,-0.026261116,0.686360399
GR0326,Fast,FastHS,Right,last30,0.651607559,0.591333333,33.88640121,-16.52963888,0.132279775,-0.192875109,0.042291529,-0.028360104,0.794643365
GR0327,Fast,FastHS,Right,last30,0.526837441,0.51,21.45310254,-15.65902237,0.116707642,-0.138323773,0.020654768,-0.016611895,0.658546801
GR0328,Fast,FastHS,Right,last30,0.523661771,0.489666667,23.57344338,-9.474898467,0.103440311,-0.115417967,0.010972137,-0.014498751,0.654577214
GR0329,Fast,FastHS,Right,last30,0.673793156,0.613,33.03153143,-18.99211383,0.15054716,-0.261897372,0.036699449,-0.036327615,0.811798983
GR0330,Fast,FastHS,Right,last30,0.6819838,0.597666667,30.23328715,-13.08189866,0.10483931,-0.201810814,0.025572329,-0.024808681,0.741286739
GR0331,Fast,FastHS,Right,last30,0.602246607,0.563,31.88912877,-15.66756911,0.123848317,-0.085407041,0.034556625,-0.013923225,0.676681581
GR0334,Fast,FastHS,Right,last30,0.569559823,0.562,32.21027422,-16.94220743,0.144904234,-0.080827074,0.038526652,-0.008311952,0.720961801
GR0335,Fast,FastHS,Right,last30,0.593084891,0.586666667,30.24369183,-14.13533343,0.138118233,-0.116442995,0.019186473,-0.020706021,0.689633594
GR0336,Fast,FastHS,Right,last30,0.60677016,0.561333333,26.25938297,-16.46874595,0.131611139,-0.161786325,0.033140183,-0.018491385,0.685616
MLR049,Fast,FastHS,Right,last30,0.591945977,0.623333333,34.3002609,-22.03895155,0.240267768,-0.261117949,0.05018132,-0.041977376,0.669622146
MLR050,Fast,FastHS,Right,last30,0.650061439,0.635333333,27.44821466,-19.3511492,0.158202974,-0.144817701,0.02894653,-0.028847869,0.728768429
GR0326,Open Loop - Post,OpenLoopPost,Right,last30,0.601102981,0.569666667,35.23387364,-18.26796027,0.236100036,-0.18967613,0.055378891,-0.03863324,0.733052416
GR0327,Open Loop - Post,OpenLoopPost,Right,last30,0.465902396,0.489,23.49497929,-19.08041247,0.179651825,-0.11992876,0.032069342,-0.017126901,0.582377995
GR0328,Open Loop - Post,OpenLoopPost,Right,last30,0.592744804,0.611,30.25665532,-21.58991355,0.204042566,-0.219671065,0.034973368,-0.041946005,0.740931005
GR0329,Open Loop - Post,OpenLoopPost,Right,last30,0.567463376,0.579333333,30.02914043,-21.18639486,0.178175699,-0.184911218,0.030872952,-0.034994129,0.683690814
GR0330,Open Loop - Post,OpenLoopPost,Right,last30,0.51393957,0.580666667,27.07610214,-24.03911201,0.264595497,-0.192359887,0.047109143,-0.035874805,0.558629967
GR0331,Open Loop - Post,OpenLoopPost,Right,last30,0.587199611,0.572333333,30.57537063,-16.21525748,0.115421298,-0.103487483,0.026091968,-0.021291075,0.659774844
GR0334,Open Loop - Post,OpenLoopPost,Right,last30,0.57324306,0.603333333,33.44034034,-23.58320999,0.213086453,-0.141518936,0.04017421,-0.029453001,0.725624127
GR0335,Open Loop - Post,OpenLoopPost,Right,last30,0.585049723,0.575,29.96021182,-17.43991581,0.185408223,-0.148275056,0.032155777,-0.022373599,0.680290376
GR0336,Open Loop - Post,OpenLoopPost,Right,last30,0.615378008,0.556,28.04185258,-17.40106624,0.146134704,-0.184386635,0.033042354,-0.022927525,0.695342382
MLR049,Open Loop - Post,OpenLoopPost,Right,last30,0.608505699,0.683,36.50640808,-24.96279371,0.243849269,-0.22478009,0.057103209,-0.039108708,0.688354863
MLR050,Open Loop - Post,OpenLoopPost,Right,last30,0.586993436,0.545,29.88790988,-18.74749771,0.167707574,-0.171277489,0.039775581,-0.025527454,0.65806439
GR0326,Open Loop - Pre,OpenLoopPre,Right,last30,0.582223926,0.57,32.89815154,-23.62077924,0.20997561,-0.166358234,0.035587273,-0.02825484,0.710029178
GR0327,Open Loop - Pre,OpenLoopPre,Right,last30,0.523185248,0.513333333,24.77071318,-16.46203566,0.15021439,-0.204589454,0.028766461,-0.024197649,0.65398156
GR0328,Open Loop - Pre,OpenLoopPre,Right,last30,0.579257048,0.573,29.78408008,-19.13972429,0.184270523,-0.250453888,0.029976827,-0.043752288,0.72407131
GR0329,Open Loop - Pre,OpenLoopPre,Right,last30,0.630963594,0.612333333,33.37401052,-20.27396557,0.177621091,-0.270081545,0.042650293,-0.041698925,0.760197101
GR0330,Open Loop - Pre,OpenLoopPre,Right,last30,0.609867294,0.573333333,29.07743881,-16.85763936,0.169164932,-0.18636634,0.033660177,-0.029997631,0.662899233
GR0331,Open Loop - Pre,OpenLoopPre,Right,last30,0.583863548,0.582666667,32.3071016,-19.051188,0.188369858,-0.107240016,0.037839797,-0.023462579,0.656026458
GR0334,Open Loop - Pre,OpenLoopPre,Right,last30,0.50438874,0.567,34.80283629,-24.5953055,0.286242735,-0.169561552,0.049387497,-0.030498934,0.638466759
GR0335,Open Loop - Pre,OpenLoopPre,Right,last30,0.596951167,0.581,29.44140633,-17.65819696,0.177519509,-0.17235408,0.031122836,-0.02552802,0.694129264
GR0336,Open Loop - Pre,OpenLoopPre,Right,last30,0,0,0,0,0,0,0,0,0
MLR049,Open Loop - Pre,OpenLoopPre,Right,last30,0.606103261,-0.625333333,33.26937551,-24.11078786,0.222897351,-0.138981665,0.052800005,-0.025394281,0.685637173
MLR050,Open Loop - Pre,OpenLoopPre,Right,last30,0.639226165,0.580333333,28.90967075,-18.91628633,0.153103578,-0.179390664,0.035398825,-0.028847482,0.716621261
GR0326,Slow,SlowHS,Right,last30,0.561108289,0.616,34.68268203,-24.48622615,0.236100036,-0.18967613,0.055378891,-0.03863324,0.684278401
GR0327,Slow,SlowHS,Right,last30,0.454317428,0.481666667,25.20130019,-21.58057924,0.224338878,-0.216094747,0.042007289,-0.028224232,0.567896785
GR0328,Slow,SlowHS,Right,last30,0.386286318,0.442666667,24.89272141,-19.81805732,0.213142518,-0.188976014,0.029525767,-0.023529291,0.482857898
GR0329,Slow,SlowHS,Right,last30,0.704763006,0.647,34.6312382,-19.12421361,0.213142518,-0.188976014,0.029525767,-0.023529291,0.849112055
GR0330,Slow,SlowHS,Right,last30,0.528542446,0.597,27.90025453,-23.16830034,0.257970378,-0.168084498,0.04053301,-0.037116523,0.574502659
GR0331,Slow,SlowHS,Right,last30,0.53402791,0.567666667,32.73156889,-20.88832672,0.187001506,-0.103202417,0.032006662,-0.025936783,0.60003136
GR0334,Slow,SlowHS,Right,last30,0.516519563,0.575,34.43873981,-23.82658552,0.228894448,-0.184576109,0.036317844,-0.051806427,0.653822232
GR0335,Slow,SlowHS,Right,last30,0.498728812,0.534333333,31.84233069,-21.22086333,0.278093787,-0.181758475,0.043080636,-0.029653683,0.579917223
GR0336,Slow,SlowHS,Right,last30,0.541178193,0.533666667,29.85297939,-24.81545335,0.237055085,-0.208650551,0.039070125,-0.039484524,0.611500783
MLR049,Slow,SlowHS,Right,last30,0.603829818,0.671666667,37.0558786,-25.79147928,0.255803724,-0.267446274,0.05296267,-0.045002501,0.683065405
MLR050,Slow,SlowHS,Right,last30,0.549733224,0.582,29.25825803,-24.26120237,0.207238339,-0.149544148,0.03575272,-0.032760122,0.616292852
